-- MySQL dump 10.13  Distrib 5.5.52, for debian-linux-gnu (armv7l)
--
-- Host: localhost    Database: coclandb
-- ------------------------------------------------------
-- Server version	5.5.52-0+deb8u1

/*!40101 SET @OLD_CHARACTER_SET_CLIENT=@@CHARACTER_SET_CLIENT */;
/*!40101 SET @OLD_CHARACTER_SET_RESULTS=@@CHARACTER_SET_RESULTS */;
/*!40101 SET @OLD_COLLATION_CONNECTION=@@COLLATION_CONNECTION */;
/*!40101 SET NAMES utf8 */;
/*!40103 SET @OLD_TIME_ZONE=@@TIME_ZONE */;
/*!40103 SET TIME_ZONE='+00:00' */;
/*!40014 SET @OLD_UNIQUE_CHECKS=@@UNIQUE_CHECKS, UNIQUE_CHECKS=0 */;
/*!40014 SET @OLD_FOREIGN_KEY_CHECKS=@@FOREIGN_KEY_CHECKS, FOREIGN_KEY_CHECKS=0 */;
/*!40101 SET @OLD_SQL_MODE=@@SQL_MODE, SQL_MODE='NO_AUTO_VALUE_ON_ZERO' */;
/*!40111 SET @OLD_SQL_NOTES=@@SQL_NOTES, SQL_NOTES=0 */;

--
-- Table structure for table `clan_battle_fight`
--

DROP TABLE IF EXISTS `clan_battle_fight`;
/*!40101 SET @saved_cs_client     = @@character_set_client */;
/*!40101 SET character_set_client = utf8 */;
CREATE TABLE `clan_battle_fight` (
  `fight_id` smallint(5) unsigned NOT NULL AUTO_INCREMENT,
  `win_star` tinyint(4) DEFAULT '0',
  `crush_rate` float DEFAULT '0',
  PRIMARY KEY (`fight_id`)
) ENGINE=InnoDB AUTO_INCREMENT=3465 DEFAULT CHARSET=utf8;
/*!40101 SET character_set_client = @saved_cs_client */;

--
-- Dumping data for table `clan_battle_fight`
--

LOCK TABLES `clan_battle_fight` WRITE;
/*!40000 ALTER TABLE `clan_battle_fight` DISABLE KEYS */;
INSERT INTO `clan_battle_fight` VALUES (1,2,0.76),(2,2,0.56),(3,1,0.54),(4,0,0.4),(5,2,0.71),(6,2,0.89),(7,3,1),(8,1,0.43),(9,2,0.75),(10,2,0.67),(11,3,1),(12,1,0.39),(13,2,0.93),(14,3,1),(15,2,0.73),(16,2,0.74),(17,3,1),(18,2,0.9),(19,3,1),(20,2,0.71),(21,2,1),(22,2,0.78),(23,2,0.87),(24,3,1),(25,3,1),(26,3,1),(27,2,0.74),(28,1,0.29),(29,2,0.79),(30,1,0.5),(31,1,0.24),(32,1,0.36),(33,3,1),(34,0,0),(35,3,1),(36,2,0.66),(37,1,0.61),(38,1,0.64),(39,3,1),(40,3,1),(41,3,1),(42,3,1),(43,3,1),(44,2,0.98),(45,3,1),(46,3,1),(47,3,1),(48,1,0.57),(49,3,1),(50,3,1),(51,3,1),(52,0,0.23),(53,1,0.18),(54,1,0.08),(55,3,1),(56,3,1),(57,0,0.47),(58,3,1),(59,1,0.06),(60,1,0.09),(61,2,0.77),(62,2,0.56),(63,2,0.66),(64,2,0.59),(65,2,0.65),(66,2,0.6),(67,2,0.74),(68,3,1),(69,2,0.81),(70,3,1),(71,2,0.85),(72,3,1),(73,2,0.75),(74,2,0.93),(75,3,1),(76,3,1),(77,2,0.92),(78,3,1),(79,3,1),(80,2,0.79),(81,2,0.93),(82,2,0.85),(83,2,0.84),(84,3,1),(85,2,0.81),(86,2,0.74),(87,1,0.45),(88,1,0.56),(89,3,1),(90,3,1),(91,1,0.64),(92,1,0.48),(93,2,0.77),(94,2,0.64),(95,2,0.56),(96,0,0),(97,2,0.99),(98,1,0.51),(99,3,1),(100,2,0.81),(101,2,0.82),(102,2,0.78),(103,1,0.52),(104,0,0),(105,2,0.55),(106,3,1),(107,1,0.25),(108,0,0.37),(109,3,1),(110,3,1),(111,3,1),(112,0,0),(113,0,0.24),(114,1,0.31),(115,3,1),(116,3,1),(117,0,0),(118,0,0),(119,3,1),(120,3,1),(121,1,0.57),(122,1,0.65),(123,1,0.6),(124,1,0.61),(125,2,0.8),(126,1,0.97),(127,2,0.91),(128,1,0.45),(129,1,0.4),(130,3,1),(131,3,1),(132,0,0),(133,2,0.59),(134,3,1),(135,3,1),(136,1,0.5),(137,2,0.79),(138,2,0.61),(139,3,1),(140,3,1),(141,3,1),(142,2,0.95),(143,3,1),(144,2,0.9),(145,2,0.93),(146,3,1),(147,3,1),(148,1,0.72),(149,2,0.78),(150,2,0.99),(151,1,0.54),(152,1,0.86),(153,2,0.84),(154,2,0.84),(155,1,0.58),(156,1,0.39),(157,2,0.58),(158,3,1),(159,1,0.54),(160,3,1),(161,1,0.86),(162,0,0.48),(163,2,0.91),(164,1,0.72),(165,3,1),(166,3,1),(167,3,1),(168,2,0.52),(169,0,0),(170,0,0),(171,3,1),(172,3,1),(173,3,1),(174,3,1),(175,1,0.7),(176,1,0.74),(177,0,0.43),(178,1,0.27),(179,0,0),(180,0,0),(181,1,0.39),(182,3,1),(183,1,0.89),(184,2,0.84),(185,1,0.53),(186,2,0.79),(187,3,1),(188,3,1),(189,1,0.55),(190,3,1),(191,2,0.78),(192,2,0.66),(193,3,1),(194,3,1),(195,3,1),(196,2,0.95),(197,1,0.74),(198,2,0.96),(199,2,0.82),(200,1,0.47),(201,3,1),(202,2,0.87),(203,3,1),(204,0,0.37),(205,1,0.49),(206,3,1),(207,2,0.97),(208,2,0.83),(209,3,1),(210,1,0.57),(211,1,0.66),(212,1,0.81),(213,0,0.49),(214,3,1),(215,3,1),(216,1,0.62),(217,3,1),(218,3,1),(219,3,1),(220,2,0.75),(221,2,0.5),(222,1,0.4),(223,1,0.54),(224,3,1),(225,3,1),(226,2,0.74),(227,3,1),(228,3,1),(229,3,1),(230,1,0.41),(231,3,1),(232,2,0.52),(233,0,0.31),(234,0,0.27),(235,0,0.25),(236,0,0.31),(237,0,0.27),(238,1,0.3),(239,0,0.28),(240,0,0.31),(241,2,0.62),(242,0,0.42),(243,0,0.4),(244,1,0.59),(245,0,0),(246,0,0),(247,2,0.56),(248,0,0.43),(249,1,0.41),(250,2,0.78),(251,0,0.4),(252,0,0.45),(253,0,0.45),(254,2,0.5),(255,2,0.54),(256,2,0.65),(257,2,0.72),(258,3,1),(259,0,0.45),(260,3,1),(261,1,0.72),(262,1,0.54),(263,1,0.58),(264,3,1),(265,3,1),(266,3,1),(267,2,0.61),(268,0,0),(269,3,1),(270,2,0.99),(271,1,0.75),(272,2,0.65),(273,3,1),(274,2,0.74),(275,2,0.52),(276,2,0.99),(277,2,0.94),(278,2,0.86),(279,2,0.75),(280,2,0.64),(281,2,0.89),(282,3,1),(283,1,0.52),(284,0,0),(285,3,1),(286,3,1),(287,2,0.89),(288,1,0.62),(289,3,1),(290,3,1),(291,2,0.62),(292,0,0.48),(293,2,0.78),(294,2,0.79),(295,3,1),(296,0,0),(297,2,0.86),(298,3,1),(299,2,0.86),(300,3,1),(301,1,0.31),(302,1,0.46),(303,2,0.69),(304,2,0.83),(305,1,0.58),(306,0,0.46),(307,1,0.53),(308,3,1),(309,3,1),(310,1,0.73),(311,2,0.72),(312,3,1),(313,2,0.5),(314,2,0.56),(315,2,0.74),(316,2,0.98),(317,3,1),(318,3,1),(319,2,0.56),(320,2,0.83),(321,3,1),(322,2,0.77),(323,2,0.79),(324,3,1),(325,3,1),(326,2,0.74),(327,2,0.78),(328,1,0.54),(329,3,1),(330,3,1),(331,2,0.55),(332,1,0.44),(333,3,1),(334,2,0.54),(335,2,0.51),(336,2,0.71),(337,3,1),(338,3,1),(339,2,0.6),(340,2,0.62),(341,2,0.99),(342,3,1),(343,2,0.96),(344,3,1),(345,3,1),(346,1,0.36),(347,0,0),(348,0,0),(349,1,0.5),(350,3,1),(351,3,1),(352,2,0.65),(353,1,0.62),(354,3,1),(355,1,0.8),(356,2,0.52),(357,1,0.26),(358,1,0.31),(359,3,1),(360,3,1),(361,2,0.52),(362,3,1),(363,1,0.75),(364,1,0.79),(365,1,0.7),(366,1,0.85),(367,2,0.62),(368,0,0),(369,2,0.61),(370,2,0.64),(371,1,0.64),(372,1,0.53),(373,3,1),(374,0,0.49),(375,0,0.41),(376,2,0.89),(377,3,1),(378,0,0.49),(379,0,0.49),(380,2,0.64),(381,2,0.94),(382,2,0.99),(383,2,0.74),(384,3,1),(385,3,1),(386,1,0.87),(387,2,0.69),(388,2,0.69),(389,3,1),(390,3,1),(391,2,0.82),(392,0,0),(393,1,0.72),(394,2,0.86),(395,0,0.48),(396,3,1),(397,3,1),(398,2,0.99),(399,2,0.65),(400,2,0.85),(401,3,1),(402,1,0.82),(403,2,0.91),(404,1,0.54),(405,3,1),(406,3,1),(407,2,0.55),(408,1,0.75),(409,2,0.7),(410,3,1),(411,1,0.95),(412,2,0.9),(413,0,0.33),(414,2,0.99),(415,2,0.61),(416,0,0),(417,1,0.45),(418,2,0.61),(419,3,1),(420,3,1),(421,3,1),(422,1,0.48),(423,1,0.73),(424,1,0.68),(425,3,1),(426,1,0.91),(427,3,1),(428,2,0.68),(429,2,0.64),(430,0,0),(431,2,0.82),(432,2,0.72),(433,3,1),(434,0,0.49),(435,2,0.99),(436,3,1),(437,3,1),(438,1,0.5),(439,2,0.72),(440,3,1),(441,3,1),(442,2,0.99),(443,2,0.7),(444,1,0.78),(445,3,1),(446,3,1),(447,2,0.53),(448,3,1),(449,2,0.73),(450,3,1),(451,2,0.59),(452,3,1),(453,2,0.9),(454,2,0.88),(455,2,0.58),(456,3,1),(457,3,1),(458,2,0.72),(459,1,0.63),(460,2,0.82),(461,3,1),(462,2,0.88),(463,1,0.56),(464,0,0),(465,3,1),(466,2,0.99),(467,1,0.67),(468,1,0.73),(469,0,0.28),(470,1,0.8),(471,3,1),(472,2,0.91),(473,2,0.54),(474,0,0.48),(475,2,0.85),(476,3,1),(477,1,0.32),(478,1,0.26),(479,3,1),(480,2,0.82),(481,2,0.85),(482,1,0.95),(483,0,0.49),(484,2,0.5),(485,2,0.75),(486,2,0.66),(487,2,0.7),(488,0,0),(489,1,0.46),(490,2,0.87),(491,0,0.33),(492,1,0.29),(493,3,1),(494,0,0.28),(495,0,0),(496,0,0),(497,3,1),(498,3,1),(499,0,0.49),(500,0,0),(501,2,0.68),(502,2,0.73),(503,2,0.82),(504,1,0.58),(505,3,1),(506,3,1),(507,0,0),(508,0,0),(509,3,1),(510,3,1),(511,1,0.49),(512,2,0.68),(513,3,1),(514,2,0.97),(515,0,0),(516,0,0),(517,3,1),(518,2,0.95),(519,1,0.44),(520,1,0.47),(521,3,1),(522,3,1),(523,1,0.37),(524,0,0),(525,3,1),(526,2,0.94),(527,1,0.5),(528,1,0.25),(529,2,0.93),(530,3,1),(531,1,0.48),(532,3,1),(533,3,1),(534,2,0.66),(535,1,0.58),(536,2,0.83),(537,3,1),(538,3,1),(539,1,0.48),(540,2,0.72),(541,2,0.86),(542,2,0.99),(543,2,0.53),(544,2,0.64),(545,3,1),(546,3,1),(547,0,0),(548,0,0),(549,2,0.63),(550,0,0.43),(551,1,0.27),(552,0,0),(553,3,1),(554,2,0.91),(555,0,0),(556,0,0),(557,0,0),(558,0,0),(559,2,0.54),(560,0,0),(561,3,1),(562,3,1),(563,2,0.75),(564,2,0.57),(565,2,0.97),(566,2,0.9),(567,2,0.9),(568,2,0.6),(569,2,0.83),(570,2,0.6),(571,3,1),(572,3,1),(573,2,0.83),(574,2,0.88),(575,2,0.73),(576,2,0.58),(577,0,0.48),(578,1,0.69),(579,3,1),(580,2,0.6),(581,3,1),(582,0,0.39),(583,2,0.81),(584,0,0),(585,3,1),(586,1,0.79),(587,3,1),(588,0,0),(589,3,1),(590,3,1),(591,3,1),(592,3,1),(593,0,0),(594,0,0),(595,0,0),(596,0,0),(597,0,0),(598,0,0),(599,3,1),(600,0,0),(601,2,0.64),(602,2,0.87),(603,1,0.53),(604,2,0.52),(605,2,0.68),(606,2,0.89),(607,2,0.64),(608,2,0.98),(609,3,1),(610,1,0.57),(611,1,0.52),(612,3,1),(613,2,0.53),(614,3,1),(615,2,0.72),(616,2,0.78),(617,1,0.54),(618,2,0.74),(619,0,0.43),(620,0,0),(621,2,0.67),(622,3,1),(623,1,0.79),(624,3,1),(625,2,0.69),(626,2,0.9),(627,2,0.99),(628,3,1),(629,3,1),(630,3,1),(631,2,0.57),(632,2,0.69),(633,3,1),(634,3,1),(635,2,0.66),(636,0,0),(637,3,1),(638,2,0.75),(639,3,1),(640,2,0.62),(641,2,0.8),(642,2,0.75),(643,2,0.86),(644,3,1),(645,2,0.78),(646,3,1),(647,3,1),(648,2,0.71),(649,2,0.6),(650,2,0.95),(651,2,0.78),(652,0,0),(653,0,0),(654,0,0),(655,0,0.29),(656,0,0),(657,2,0.61),(658,3,1),(659,2,0.71),(660,0,0),(661,0,0),(662,0,0),(663,1,0.61),(664,0,0),(665,2,0.67),(666,1,0.9),(667,2,0.72),(668,1,0.51),(669,0,0.44),(670,0,0.4),(671,0,0.35),(672,1,0.79),(673,3,1),(674,3,1),(675,2,0.86),(676,0,0.49),(677,2,0.91),(678,2,0.84),(679,2,0.88),(680,0,0.43),(681,2,0.94),(682,3,1),(683,2,0.62),(684,0,0),(685,3,1),(686,3,1),(687,3,1),(688,2,0.78),(689,3,1),(690,1,0.95),(691,1,0.92),(692,3,1),(693,3,1),(694,1,0.71),(695,3,1),(696,2,0.96),(697,3,1),(698,3,1),(699,3,1),(700,3,1),(701,3,1),(702,1,0.57),(703,0,0),(704,0,0),(705,3,1),(706,1,0.53),(707,3,1),(708,0,0),(709,1,0.38),(710,1,0.71),(711,3,1),(712,3,1),(713,3,1),(714,3,1),(715,0,0),(716,0,0),(717,3,1),(718,1,0.28),(719,2,0.87),(720,2,0.63),(721,1,0.57),(722,2,0.65),(723,2,0.91),(724,2,0.73),(725,2,0.89),(726,2,0.93),(727,2,0.81),(728,3,1),(729,1,0.64),(730,2,0.95),(731,2,0.67),(732,3,1),(733,1,0.29),(734,3,1),(735,3,1),(736,2,0.61),(737,1,0.56),(738,3,1),(739,3,1),(740,3,1),(741,2,0.83),(742,3,1),(743,3,1),(744,3,1),(745,3,1),(746,3,1),(747,2,0.86),(748,1,0.57),(749,2,0.96),(750,3,1),(751,2,0.9),(752,2,0.86),(753,2,0.91),(754,1,0.41),(755,2,0.75),(756,2,0.86),(757,3,1),(758,2,0.87),(759,2,0.82),(760,2,0.86),(761,1,0.5),(762,2,0.84),(763,2,0.69),(764,1,0.29),(765,1,0.53),(766,0,0.29),(767,2,0.56),(768,2,0.81),(769,2,0.82),(770,3,1),(771,1,0.68),(772,3,1),(773,1,0.6),(774,3,1),(775,0,0),(776,0,0),(777,2,0.94),(778,1,0.6),(779,1,0.62),(780,3,1),(781,2,0.54),(782,3,1),(783,3,1),(784,2,0.54),(785,2,0.5),(786,2,0.56),(787,2,0.71),(788,2,0.75),(789,3,1),(790,2,0.5),(791,3,1),(792,2,0.75),(793,3,1),(794,2,0.72),(795,3,1),(796,3,1),(797,0,0),(798,0,0),(799,3,1),(800,3,1),(801,3,1),(802,3,1),(803,3,1),(804,3,1),(805,3,1),(806,3,1),(807,0,0),(808,0,0),(809,3,1),(810,0,0.25),(811,3,1),(812,0,0),(813,0,0),(814,0,0),(815,2,0.91),(816,1,0.7),(817,3,1),(818,0,0.25),(819,3,1),(820,2,0.95),(821,1,0.46),(822,1,0.84),(823,0,0.45),(824,2,0.85),(825,2,0.71),(826,2,0.6),(827,1,0.53),(828,2,0.73),(829,3,1),(830,2,0.85),(831,2,0.7),(832,1,0.72),(833,2,0.58),(834,1,0.72),(835,3,1),(836,1,0.42),(837,3,1),(838,3,1),(839,1,0.94),(840,3,1),(841,3,1),(842,2,0.99),(843,1,0.85),(844,2,0.81),(845,2,0.78),(846,2,0.95),(847,2,0.97),(848,1,0.96),(849,3,1),(850,3,1),(851,3,1),(852,3,1),(853,2,0.85),(854,2,0.9),(855,2,0.9),(856,1,0.9),(857,2,0.87),(858,1,0.54),(859,3,1),(860,2,0.99),(861,3,1),(862,2,0.95),(863,1,0.68),(864,0,0.49),(865,1,0.83),(866,3,1),(867,2,0.78),(868,3,1),(869,3,1),(870,3,1),(871,2,0.69),(872,2,0.99),(873,2,0.67),(874,2,0.78),(875,3,1),(876,2,0.68),(877,2,0.82),(878,2,0.58),(879,3,1),(880,2,0.65),(881,2,0.72),(882,3,1),(883,1,0.56),(884,3,1),(885,1,0.9),(886,1,0.54),(887,2,0.75),(888,2,0.7),(889,3,1),(890,2,0.94),(891,2,0.84),(892,3,1),(893,3,1),(894,1,0.64),(895,1,0.51),(896,3,1),(897,0,0),(898,0,0),(899,2,0.99),(900,2,0.6),(901,3,1),(902,3,1),(903,2,0.8),(904,3,1),(905,2,0.5),(906,3,1),(907,3,1),(908,2,0.91),(909,3,1),(910,0,0.47),(911,1,0.73),(912,3,1),(913,3,1),(914,1,0.67),(915,1,0.87),(916,3,1),(917,3,1),(918,1,0.47),(919,3,1),(920,3,1),(921,0,0),(922,0,0),(923,0,0),(924,0,0),(925,0,0),(926,0,0),(927,0,0),(928,0,0),(929,0,0),(930,0,0),(931,0,0),(932,0,0),(933,0,0),(934,0,0),(935,0,0),(936,0,0),(937,0,0),(938,0,0),(939,0,0),(940,0,0),(941,0,0),(942,0,0),(943,0,0),(944,0,0),(945,0,0),(946,0,0),(947,0,0),(948,0,0),(949,0,0),(950,0,0),(951,0,0),(952,0,0),(953,0,0),(954,0,0),(955,0,0),(956,0,0),(957,0,0),(958,0,0),(959,0,0),(960,0,0),(961,0,0),(962,0,0),(963,0,0),(964,0,0),(965,0,0),(966,0,0),(967,0,0),(968,0,0),(969,0,0),(970,0,0),(971,0,0),(972,0,0),(973,0,0),(974,0,0),(975,0,0),(976,0,0),(977,0,0),(978,0,0),(979,0,0),(980,0,0),(981,0,0),(982,0,0),(983,0,0),(984,0,0),(985,0,0),(986,0,0),(987,0,0),(988,0,0),(989,0,0),(990,0,0),(991,0,0),(992,0,0),(993,0,0),(994,0,0),(995,0,0),(996,0,0),(997,0,0),(998,0,0),(999,0,0),(1000,0,0),(1001,3,1),(1002,0,0.49),(1003,2,0.9),(1004,2,0.66),(1005,1,0.52),(1006,1,0.67),(1007,3,1),(1008,1,0.59),(1009,1,0.48),(1010,2,0.75),(1011,2,0.89),(1012,3,1),(1013,2,0.87),(1014,2,0.72),(1015,2,0.81),(1016,2,0.99),(1017,2,0.64),(1018,1,0.75),(1019,2,0.99),(1020,3,1),(1021,3,1),(1022,3,1),(1023,1,0.98),(1024,3,1),(1025,3,1),(1026,2,0.85),(1027,0,0.46),(1028,3,1),(1029,3,1),(1030,1,0.55),(1031,0,0.14),(1032,3,1),(1033,3,1),(1034,3,1),(1035,1,0.68),(1036,2,0.87),(1037,1,0.6),(1038,2,0.65),(1039,3,1),(1040,3,1),(1041,3,1),(1042,2,0.97),(1043,3,1),(1044,3,1),(1045,3,1),(1046,3,1),(1047,2,0.7),(1048,1,0.76),(1049,1,0.6),(1050,3,1),(1051,2,0.87),(1052,2,0.82),(1053,3,1),(1054,3,1),(1055,2,0.99),(1056,1,0.69),(1057,0,0.3),(1058,2,0.79),(1059,2,0.7),(1060,3,1),(1061,0,0),(1062,0,0),(1063,3,1),(1064,2,0.89),(1065,1,0.48),(1066,1,0.49),(1067,1,0.61),(1068,2,0.83),(1069,3,1),(1070,0,0.39),(1071,0,0),(1072,0,0),(1073,2,0.85),(1074,2,0.89),(1075,3,1),(1076,2,0.79),(1077,2,0.87),(1078,3,1),(1079,3,1),(1080,1,0.61),(1081,3,1),(1082,1,0.75),(1083,1,0.5),(1084,3,1),(1085,3,1),(1086,0,0.27),(1087,1,0.7),(1088,3,1),(1089,2,0.99),(1090,2,0.89),(1091,3,1),(1092,3,1),(1093,2,0.65),(1094,3,1),(1095,2,0.81),(1096,3,1),(1097,3,1),(1098,3,1),(1099,2,0.86),(1100,0,0),(1101,1,0.56),(1102,2,0.5),(1103,2,0.95),(1104,2,0.87),(1105,0,0),(1106,0,0),(1107,3,1),(1108,0,0),(1109,1,0.57),(1110,1,0.36),(1111,3,1),(1112,2,0.8),(1113,1,0.67),(1114,0,0.49),(1115,2,0.83),(1116,3,1),(1117,3,1),(1118,3,1),(1119,1,0.55),(1120,1,0.23),(1121,3,1),(1122,2,0.72),(1123,3,1),(1124,2,0.99),(1125,3,1),(1126,3,1),(1127,0,0),(1128,0,0),(1129,1,0.56),(1130,3,1),(1131,3,1),(1132,0,0),(1133,3,1),(1134,1,0.61),(1135,3,1),(1136,3,1),(1137,3,1),(1138,0,0.47),(1139,1,0.64),(1140,0,0),(1141,3,1),(1142,3,1),(1143,3,1),(1144,2,0.56),(1145,2,0.67),(1146,1,0.25),(1147,1,0.3),(1148,1,0.08),(1149,0,0.02),(1150,1,0.08),(1151,3,1),(1152,3,1),(1153,3,1),(1154,1,0.1),(1155,0,0),(1156,0,0),(1157,0,0),(1158,0,0),(1159,3,1),(1160,3,1),(1161,2,0.96),(1162,1,0.76),(1163,2,0.63),(1164,1,0.56),(1165,2,0.69),(1166,3,1),(1167,0,0.45),(1168,2,0.53),(1169,1,0.79),(1170,2,0.74),(1171,1,0.64),(1172,0,0),(1173,2,0.59),(1174,2,0.62),(1175,0,0.35),(1176,0,0),(1177,3,1),(1178,2,0.76),(1179,0,0),(1180,0,0),(1181,3,1),(1182,1,0.53),(1183,2,0.58),(1184,3,1),(1185,1,0.52),(1186,2,0.5),(1187,3,1),(1188,0,0.35),(1189,2,0.52),(1190,3,1),(1191,0,0.47),(1192,0,0),(1193,1,0.5),(1194,1,0.24),(1195,0,0),(1196,0,0),(1197,3,1),(1198,3,1),(1199,0,0),(1200,0,0),(1201,2,0.92),(1202,2,0.68),(1203,2,0.91),(1204,0,0),(1205,2,0.89),(1206,3,1),(1207,0,0),(1208,0,0),(1209,3,1),(1210,2,0.73),(1211,2,0.99),(1212,1,0.48),(1213,3,1),(1214,2,0.8),(1215,2,0.62),(1216,2,0.99),(1217,3,1),(1218,3,1),(1219,2,0.64),(1220,0,0),(1221,2,0.65),(1222,1,0.37),(1223,2,0.52),(1224,1,0.06),(1225,3,1),(1226,3,1),(1227,2,0.57),(1228,2,0.67),(1229,2,0.78),(1230,2,0.97),(1231,2,0.76),(1232,0,0),(1233,2,0.96),(1234,1,0.69),(1235,2,0.63),(1236,0,0),(1237,3,1),(1238,3,1),(1239,1,0.42),(1240,2,0.54),(1241,3,1),(1242,3,1),(1243,1,0.65),(1244,0,0),(1245,3,1),(1246,1,0.54),(1247,0,0),(1248,0,0),(1249,2,0.71),(1250,2,0.84),(1251,0,0),(1252,0,0),(1253,2,0.92),(1254,3,1),(1255,0,0),(1256,0,0),(1257,3,1),(1258,2,0.63),(1259,0,0),(1260,0,0),(1261,3,1),(1262,3,1),(1263,0,0),(1264,0,0),(1265,3,1),(1266,2,0.73),(1267,2,0.78),(1268,3,1),(1269,3,1),(1270,2,0.69),(1271,0,0),(1272,0,0),(1273,3,1),(1274,3,1),(1275,2,0.94),(1276,0,0),(1277,3,1),(1278,2,0.79),(1279,1,0.52),(1280,3,1),(1281,1,0.58),(1282,3,1),(1283,1,0.77),(1284,0,0),(1285,3,1),(1286,2,0.85),(1287,0,0),(1288,0,0),(1289,0,0.43),(1290,1,0.88),(1291,0,0),(1292,0,0),(1293,3,1),(1294,1,0.45),(1295,0,0),(1296,0,0),(1297,1,0.44),(1298,1,0.31),(1299,0,0),(1300,1,0.44),(1301,3,1),(1302,1,0.51),(1303,1,0.65),(1304,2,0.5),(1305,0,0),(1306,0,0),(1307,3,1),(1308,2,0.68),(1309,2,0.97),(1310,3,1),(1311,1,0.5),(1312,2,0.55),(1313,3,1),(1314,1,0.39),(1315,3,1),(1316,3,1),(1317,3,1),(1318,3,1),(1319,0,0),(1320,0,0),(1321,3,1),(1322,3,1),(1323,3,1),(1324,3,1),(1325,2,0.6),(1326,3,1),(1327,0,0),(1328,0,0),(1329,2,0.71),(1330,3,1),(1331,2,0.73),(1332,3,1),(1333,3,1),(1334,3,1),(1335,0,0),(1336,0,0),(1337,3,1),(1338,2,0.96),(1339,0,0),(1340,0,0),(1341,1,0.31),(1342,1,0.5),(1343,3,1),(1344,3,1),(1345,3,1),(1346,3,1),(1347,0,0),(1348,0,0),(1349,1,0.18),(1350,1,0.72),(1351,3,1),(1352,0,0),(1353,0,0.2),(1354,1,0.55),(1355,3,1),(1356,3,1),(1357,0,0),(1358,0,0),(1359,0,0),(1360,0,0),(1361,1,0.6),(1362,3,1),(1363,0,0.22),(1364,0,0),(1365,3,1),(1366,1,0.52),(1367,0,0),(1368,0,0),(1369,3,1),(1370,3,1),(1371,2,0.63),(1372,0,0),(1373,2,0.5),(1374,1,0.71),(1375,0,0),(1376,0,0),(1377,3,1),(1378,2,0.69),(1379,0,0),(1380,0,0),(1381,3,1),(1382,3,1),(1383,1,0.57),(1384,0,0),(1385,1,0.75),(1386,1,0.44),(1387,1,0.49),(1388,0,0),(1389,2,0.88),(1390,3,1),(1391,0,0),(1392,0,0),(1393,2,0.69),(1394,2,0.97),(1395,2,0.58),(1396,2,0.6),(1397,3,1),(1398,2,0.98),(1399,3,1),(1400,1,0.37),(1401,1,0.68),(1402,3,1),(1403,2,0.5),(1404,0,0),(1405,3,1),(1406,2,0.77),(1407,2,0.63),(1408,1,0.51),(1409,3,1),(1410,3,1),(1411,2,0.82),(1412,0,0),(1413,0,0),(1414,0,0),(1415,0,0),(1416,0,0),(1417,2,0.86),(1418,2,0.75),(1419,2,0.66),(1420,2,0.93),(1421,2,0.69),(1422,3,1),(1423,0,0.37),(1424,0,0),(1425,3,1),(1426,3,1),(1427,0,0.48),(1428,3,1),(1429,3,1),(1430,3,1),(1431,1,0.33),(1432,2,0.95),(1433,2,0.75),(1434,3,1),(1435,2,0.87),(1436,2,0.5),(1437,2,1),(1438,3,0.64),(1439,3,1),(1440,2,0.97),(1441,3,1),(1442,3,1),(1443,2,0.82),(1444,3,1),(1445,3,1),(1446,2,0.82),(1447,0,0),(1448,0,0),(1449,1,0.66),(1450,2,0.64),(1451,3,1),(1452,2,0.5),(1453,3,1),(1454,3,1),(1455,1,0.89),(1456,0,0),(1457,3,1),(1458,1,0.81),(1459,0,0),(1460,0,0),(1461,1,0.88),(1462,1,0.29),(1463,0,0),(1464,0,0),(1465,1,0.66),(1466,1,0.22),(1467,2,0.87),(1468,3,1),(1469,1,0),(1470,0,0),(1471,3,1),(1472,0,0),(1473,0,0),(1474,0,0),(1475,0,0),(1476,0,0),(1477,0,0),(1478,0,0),(1479,3,1),(1480,3,1),(1481,1,0.71),(1482,0,0.34),(1483,2,0.99),(1484,1,0.55),(1485,0,0),(1486,0,0),(1487,2,0.62),(1488,1,0.87),(1489,3,1),(1490,2,0.68),(1491,1,0.57),(1492,1,0.66),(1493,3,1),(1494,3,1),(1495,2,0.63),(1496,2,0.63),(1497,3,1),(1498,1,0.58),(1499,2,0.96),(1500,1,0.62),(1501,2,0.93),(1502,3,1),(1503,3,1),(1504,3,1),(1505,3,1),(1506,2,0.95),(1507,3,1),(1508,1,0.72),(1509,1,0.9),(1510,2,0.99),(1511,1,0.57),(1512,0,0.46),(1513,1,0.73),(1514,3,1),(1515,3,1),(1516,3,1),(1517,2,0.73),(1518,3,1),(1519,2,0.82),(1520,0,0),(1521,3,1),(1522,1,0.46),(1523,3,1),(1524,3,1),(1525,1,0.45),(1526,2,0.61),(1527,3,1),(1528,1,0.45),(1529,2,0.56),(1530,3,1),(1531,3,1),(1532,3,1),(1533,1,0.5),(1534,2,0.73),(1535,3,1),(1536,1,0.97),(1537,2,0.81),(1538,3,1),(1539,3,1),(1540,2,0.95),(1541,2,0.99),(1542,2,0.61),(1543,3,1),(1544,3,1),(1545,1,0.58),(1546,3,1),(1547,0,0.33),(1548,0,0),(1549,3,1),(1550,2,0.93),(1551,2,0.8),(1552,3,1),(1553,2,0.93),(1554,0,0.19),(1555,0,0.35),(1556,2,0.5),(1557,3,1),(1558,2,0.8),(1559,3,1),(1560,1,0.66),(1561,3,1),(1562,3,1),(1563,1,0.78),(1564,3,1),(1565,2,0.98),(1566,3,1),(1567,2,0.81),(1568,0,0.48),(1569,2,0.96),(1570,2,0.98),(1571,2,0.84),(1572,2,0.73),(1573,1,0.82),(1574,3,1),(1575,3,1),(1576,1,0.19),(1577,1,0.86),(1578,1,0.66),(1579,3,1),(1580,3,1),(1581,1,0.52),(1582,1,0.02),(1583,1,0.9),(1584,0,0.27),(1585,1,0.78),(1586,1,0.66),(1587,0,0.45),(1588,0,0),(1589,1,0.23),(1590,1,0.23),(1591,3,1),(1592,3,1),(1593,3,1),(1594,1,0.26),(1595,3,1),(1596,3,1),(1597,1,0.07),(1598,0,0.1),(1599,3,1),(1600,1,0.41),(1601,2,0.91),(1602,3,1),(1603,1,0.5),(1604,1,0.64),(1605,2,0.97),(1606,2,0.83),(1607,0,0.44),(1608,0,0.48),(1609,1,0.52),(1610,3,1),(1611,0,0.39),(1612,2,0.52),(1613,2,0.77),(1614,1,0.76),(1615,1,0.54),(1616,0,0),(1617,2,0.79),(1618,2,0.71),(1619,0,0.41),(1620,2,0.85),(1621,2,0.9),(1622,3,1),(1623,1,0.82),(1624,2,0.97),(1625,2,0.98),(1626,3,1),(1627,2,0.85),(1628,1,0.7),(1629,1,0.59),(1630,3,1),(1631,1,0.6),(1632,2,0.64),(1633,3,1),(1634,3,1),(1635,2,0.52),(1636,2,0.62),(1637,1,0.65),(1638,2,0.76),(1639,2,0.77),(1640,3,1),(1641,2,0.98),(1642,1,0.68),(1643,2,0.98),(1644,0,0),(1645,2,0.8),(1646,2,0.91),(1647,2,0.58),(1648,0,0),(1649,2,0.84),(1650,3,1),(1651,2,0.84),(1652,1,0.93),(1653,2,0.96),(1654,3,1),(1655,3,1),(1656,2,0.98),(1657,2,0.99),(1658,1,0.52),(1659,3,1),(1660,2,0.99),(1661,3,1),(1662,3,1),(1663,2,0.83),(1664,3,1),(1665,3,1),(1666,3,1),(1667,2,0.87),(1668,2,0.86),(1669,3,1),(1670,2,0.65),(1671,3,1),(1672,3,1),(1673,2,0.97),(1674,3,1),(1675,3,1),(1676,1,0.72),(1677,2,0.76),(1678,2,0.55),(1679,1,0.68),(1680,3,1),(1681,3,1),(1682,3,1),(1683,1,0.82),(1684,0,0),(1685,3,1),(1686,1,0.59),(1687,2,0.89),(1688,1,0.49),(1689,1,0.5),(1690,1,0.6),(1691,3,1),(1692,3,1),(1693,2,0.81),(1694,0,0.45),(1695,0,0),(1696,0,0),(1697,1,0.72),(1698,1,0.29),(1699,2,0.95),(1700,3,1),(1701,3,1),(1702,1,0.39),(1703,3,1),(1704,0,0),(1705,3,1),(1706,3,1),(1707,3,1),(1708,3,1),(1709,1,0.15),(1710,1,0.13),(1711,3,1),(1712,2,0.75),(1713,0,0.1),(1714,1,0.11),(1715,0,0.06),(1716,0,1),(1717,0,0.12),(1718,1,0.12),(1719,3,1),(1720,1,0.57),(1881,2,0.59),(1882,1,0.67),(1883,2,0.96),(1884,2,0.66),(1885,0,0.48),(1886,1,0.57),(1887,2,0.78),(1888,3,1),(1889,2,0.77),(1890,1,0.52),(1891,2,0.61),(1892,2,0.9),(1893,0,0.43),(1894,0,0.48),(1895,3,1),(1896,3,1),(1897,3,1),(1898,3,1),(1899,2,0.85),(1900,2,0.69),(1901,2,0.76),(1902,3,1),(1903,2,0.81),(1904,2,0.9),(1905,1,0.5),(1906,2,0.74),(1907,2,0.69),(1908,0,0.02),(1909,3,1),(1910,2,0.82),(1911,2,0.99),(1912,3,1),(1913,3,1),(1914,2,0.8),(1915,2,0.97),(1916,0,0),(1917,3,1),(1918,1,0.81),(1919,3,1),(1920,1,0.75),(1921,3,1),(1922,3,1),(1923,3,1),(1924,3,1),(1925,2,0.76),(1926,3,1),(1927,1,0.54),(1928,3,1),(1929,3,1),(1930,2,0.64),(1931,1,0.54),(1932,2,0.94),(1933,2,0),(1934,2,0),(1935,3,1),(1936,3,1),(1937,3,1),(1938,3,1),(1939,2,0.72),(1940,1,0.54),(1941,3,1),(1942,2,0.93),(1943,3,1),(1944,1,0.7),(1945,2,0.78),(1946,2,0.64),(1947,1,0.77),(1948,2,0.53),(1949,2,0.99),(1950,2,0.72),(1951,3,1),(1952,1,0.46),(1953,3,1),(1954,2,0.72),(1955,0,0),(1956,0,0),(1957,2,0.86),(1958,1,0.75),(1959,1,0.7),(1960,3,1),(1961,3,1),(1962,1,0.76),(1963,0,0.41),(1964,0,0),(1965,0,0.45),(1966,1,0.65),(1967,1,0.5),(1968,1,0.82),(1969,1,0.45),(1970,1,0.9),(1971,2,0.98),(1972,2,0.97),(1973,2,0.68),(1974,2,0.7),(1975,3,1),(1976,1,0.44),(1977,2,0.62),(1978,2,0.98),(1979,1,0.72),(1980,2,0.87),(1981,3,1),(1982,3,1),(1983,3,1),(1984,1,0.21),(1985,1,0.36),(1986,1,0.77),(1987,1,0.66),(1988,0,0.27),(1989,3,1),(1990,1,0.41),(1991,3,1),(1992,3,1),(1993,1,0.42),(1994,2,0.56),(1995,3,1),(1996,3,1),(1997,3,1),(1998,1,0.9),(1999,0,0.3),(2000,3,1),(2001,3,1),(2002,3,1),(2003,0,0.39),(2004,1,0.62),(2005,3,1),(2006,3,1),(2007,3,1),(2008,3,1),(2009,0,0.46),(2010,3,1),(2011,3,1),(2012,3,1),(2013,1,0.83),(2014,3,1),(2015,3,1),(2016,3,1),(2017,2,0.62),(2018,1,0.25),(2019,3,1),(2020,3,1),(2021,3,1),(2022,3,1),(2023,3,1),(2024,1,0.91),(2025,1,0.19),(2026,3,1),(2027,0,0),(2028,0,0),(2029,0,0),(2030,0,0),(2031,2,0.97),(2032,2,0.69),(2033,0,0),(2034,0,0),(2035,3,1),(2036,3,1),(2037,3,1),(2038,0,0),(2039,0,0),(2040,0,0),(2041,3,1),(2042,3,1),(2043,2,0.6),(2044,0,0),(2045,2,0.59),(2046,2,0.6),(2047,0,0.34),(2048,0,0.32),(2049,3,1),(2050,3,1),(2051,1,0.5),(2052,0,0),(2053,2,0.59),(2054,2,0.6),(2055,2,0.53),(2056,2,0.76),(2057,3,1),(2058,2,0.59),(2059,2,0.52),(2060,2,0.62),(2061,2,0.6),(2062,3,1),(2063,0,0),(2064,0,0),(2065,3,1),(2066,3,1),(2067,1,0.21),(2068,1,0.02),(2069,2,0.59),(2070,2,0.6),(2071,1,0.68),(2072,0,0.4),(2073,3,1),(2074,1,0.03),(2075,0,0),(2076,0,0),(2077,3,1),(2078,3,1),(2079,0,0.43),(2080,1,0.56),(2081,3,1),(2082,3,1),(2083,0,0.34),(2084,0,0),(2085,3,1),(2086,1,0.76),(2087,0,0),(2088,0,0),(2089,3,1),(2090,1,0.9),(2091,2,0.52),(2092,2,0.89),(2093,3,1),(2094,3,1),(2095,1,0.48),(2096,3,1),(2097,3,1),(2098,3,1),(2099,1,0.42),(2100,0,0),(2101,1,0.53),(2102,3,1),(2103,2,0.63),(2104,2,0.78),(2105,3,1),(2106,1,0.02),(2107,0,0),(2108,0,0),(2109,3,1),(2110,3,1),(2111,0,0),(2112,0,0),(2113,2,0.59),(2114,0,0),(2115,2,0.73),(2116,0,0.48),(2117,3,1),(2118,1,0.7),(2119,2,0.62),(2120,1,0.67),(2121,3,1),(2122,1,0.02),(2123,0,0.2),(2124,0,0),(2125,3,1),(2126,3,1),(2127,2,0.93),(2128,3,1),(2129,1,0.02),(2130,1,0.02),(2131,1,0.04),(2132,1,0.35),(2133,3,1),(2134,1,0.01),(2135,2,0),(2136,3,0),(2137,3,1),(2138,3,1),(2139,0,0.23),(2140,1,0.62),(2141,3,1),(2142,1,0.34),(2143,1,0.06),(2144,1,0.1),(2145,3,1),(2146,1,0.02),(2147,0,0.29),(2148,0,0.32),(2149,3,1),(2150,1,0.03),(2151,0,0.42),(2152,1,0.5),(2153,0,0),(2154,0,0),(2155,0,0),(2156,0,0),(2157,3,1),(2158,1,0.07),(2159,2,0.51),(2160,2,0.65),(2161,3,1),(2162,3,1),(2163,0,0),(2164,0,0),(2165,3,1),(2166,3,1),(2167,1,0.32),(2168,0,0.17),(2169,3,1),(2170,1,0.69),(2171,2,0.65),(2172,0,0),(2173,3,1),(2174,3,1),(2175,3,1),(2176,2,0.64),(2177,0,0),(2178,3,1),(2179,3,1),(2180,2,0.5),(2181,3,1),(2182,3,1),(2183,3,1),(2184,1,0.41),(2185,1,0.26),(2186,1,0.25),(2187,3,1),(2188,1,0.66),(2189,2,0.94),(2190,1,0.28),(2191,0,0),(2192,0,0),(2193,1,0.22),(2194,1,0.01),(2195,3,1),(2196,0,0.34),(2197,2,0.65),(2198,2,0.6),(2199,0,0),(2200,0,0),(2201,1,0.69),(2202,1,0.67),(2203,2,0.83),(2204,1,0.7),(2205,0,0.28),(2206,0,0),(2207,0,0),(2208,0,0),(2209,2,0.93),(2210,2,0.85),(2211,1,0.49),(2212,0,0),(2213,2,0.81),(2214,3,1),(2215,2,0.54),(2216,2,0.54),(2217,0,0.44),(2218,3,1),(2219,2,0.97),(2220,2,0.78),(2221,3,1),(2222,2,0.98),(2223,2,0.86),(2224,1,0.49),(2225,2,0.86),(2226,3,1),(2227,0,0),(2228,0,0),(2229,3,1),(2230,2,0.98),(2231,2,0.89),(2232,2,0.71),(2233,2,0.8),(2234,3,1),(2235,2,0.58),(2236,3,1),(2237,3,1),(2238,2,0.82),(2239,0,0),(2240,0,0),(2241,3,1),(2242,2,0.83),(2243,2,0.85),(2244,0,0),(2245,3,1),(2246,3,1),(2247,0,0),(2248,0,0),(2249,0,0.46),(2250,1,0.78),(2251,2,0.84),(2252,2,0.95),(2253,3,1),(2254,1,0.66),(2255,0,0),(2256,0,0),(2257,3,1),(2258,2,0.77),(2259,2,0.91),(2260,2,0.75),(2261,3,1),(2262,1,0.53),(2263,2,0.51),(2264,1,0.69),(2265,2,0.62),(2266,3,1),(2267,2,0.91),(2268,3,1),(2269,3,1),(2270,1,0.65),(2271,2,0.99),(2272,2,0.89),(2273,2,0.76),(2274,1,0.58),(2275,1,0.75),(2276,2,0.69),(2277,0,0.11),(2278,0,0),(2279,3,1),(2280,1,0.93),(2281,0,0.36),(2282,0,0.49),(2283,1,0.64),(2284,1,0.58),(2285,0,0.1),(2286,0,0),(2287,2,0.69),(2288,0,0),(2289,3,1),(2290,0,0.34),(2291,2,0.74),(2292,2,0.56),(2293,2,0.96),(2294,3,1),(2295,0,0),(2296,0,0),(2297,1,0.89),(2298,3,1),(2299,0,0),(2300,0,0),(2301,2,0.99),(2302,1,0.57),(2303,3,1),(2304,3,1),(2305,2,0.93),(2306,1,0.59),(2307,2,0.69),(2308,3,1),(2309,3,1),(2310,3,1),(2311,3,1),(2312,3,1),(2313,3,1),(2314,1,0.3),(2315,2,0.97),(2316,2,0.78),(2317,3,1),(2318,3,1),(2319,0,0.3),(2320,0,0),(2321,1,0.69),(2322,2,0.8),(2323,2,0.59),(2324,1,0.5),(2325,1,0.55),(2326,2,0.62),(2327,1,0.45),(2328,0,0),(2329,2,0.78),(2330,3,1),(2331,2,0.5),(2332,1,0.6),(2333,3,1),(2334,1,0.47),(2335,2,0.82),(2336,1,0.79),(2337,1,0.92),(2338,2,0.57),(2339,2,0.81),(2340,2,0.6),(2341,2,0.75),(2342,3,1),(2343,2,0.61),(2344,0,0.41),(2345,1,0.46),(2346,3,1),(2347,2,0.63),(2348,0,0),(2349,3,1),(2350,3,1),(2351,1,0.72),(2352,2,0.71),(2353,2,0.94),(2354,3,1),(2355,3,1),(2356,3,1),(2357,3,1),(2358,2,0.77),(2359,0,0),(2360,0,0),(2361,2,0.68),(2362,2,0.86),(2363,0,0.41),(2364,2,0.56),(2365,2,0.89),(2366,2,0.94),(2367,2,0.6),(2368,0,0.41),(2369,3,1),(2370,1,0.61),(2371,2,0.71),(2372,2,0.6),(2373,3,1),(2374,2,0.76),(2375,2,0.54),(2376,0,0),(2377,2,0.97),(2378,2,0.5),(2379,2,0.74),(2380,3,1),(2381,3,1),(2382,1,0.82),(2383,2,0.91),(2384,1,0.55),(2385,3,1),(2386,2,0.7),(2387,2,0.69),(2388,2,0.67),(2389,3,1),(2390,1,0.65),(2391,1,0.67),(2392,0,0),(2393,1,0.89),(2394,1,0.74),(2395,1,0.47),(2396,2,0.6),(2397,3,1),(2398,2,0.74),(2399,1,0.45),(2400,3,1),(2401,0,0.49),(2402,1,0.75),(2403,2,0.56),(2404,2,0.62),(2405,2,0.98),(2406,2,0.85),(2407,3,1),(2408,1,0.72),(2409,2,0.91),(2410,3,1),(2411,2,0.72),(2412,2,0.65),(2413,2,0.93),(2414,3,1),(2415,1,0.82),(2416,0,0),(2417,1,0.48),(2418,3,1),(2419,2,0.77),(2420,0,0),(2421,2,0.99),(2422,3,1),(2423,0,0.43),(2424,0,0),(2425,3,1),(2426,3,1),(2427,2,0.54),(2428,0,0),(2429,3,1),(2430,3,1),(2431,3,1),(2432,3,1),(2433,3,1),(2434,3,1),(2435,2,0.7),(2436,0,0),(2437,3,1),(2438,3,1),(2439,2,0.72),(2440,2,0.74),(2441,1,0.57),(2442,3,1),(2443,2,0.99),(2444,3,1),(2445,2,0.89),(2446,1,0.78),(2447,1,0.45),(2448,1,0.37),(2449,1,0.66),(2450,1,0.64),(2451,3,1),(2452,0,0),(2453,1,0.87),(2454,2,0.78),(2455,2,0.76),(2456,1,0.66),(2457,2,0.79),(2458,1,0.57),(2459,3,1),(2460,2,0.99),(2461,0,0),(2462,0,0),(2463,3,1),(2464,3,1),(2465,3,1),(2466,3,1),(2467,3,1),(2468,3,1),(2469,0,0),(2470,0,0.15),(2471,3,1),(2472,1,0.49),(2473,0,0),(2474,0,0),(2475,3,1),(2476,3,1),(2477,0,0.13),(2478,0,0.11),(2479,3,1),(2480,2,0.8),(2481,0,0.48),(2482,1,0.68),(2483,3,1),(2484,3,1),(2485,1,0.88),(2486,2,0.7),(2487,3,1),(2488,3,1),(2489,2,0.75),(2490,2,0.72),(2491,1,0.69),(2492,1,0.91),(2493,1,0.6),(2494,0,0.13),(2495,2,0.9),(2496,2,0.98),(2497,3,1),(2498,2,0.74),(2499,1,0.75),(2500,2,0.75),(2501,3,1),(2502,3,1),(2503,3,1),(2504,3,1),(2505,3,1),(2506,0,0.4),(2507,3,1),(2508,3,1),(2509,3,1),(2510,2,0.83),(2511,1,0.72),(2512,3,1),(2513,1,0.8),(2514,2,0.68),(2515,3,1),(2516,3,1),(2517,0,0.23),(2518,1,0.73),(2519,1,0.73),(2520,3,1),(2521,1,0.3),(2522,1,0.45),(2523,2,0.74),(2524,2,0.93),(2525,2,0.98),(2526,2,0.84),(2527,3,1),(2528,3,1),(2529,3,1),(2530,2,0.91),(2531,2,0.71),(2532,1,0.6),(2533,2,0.76),(2534,3,1),(2535,1,0.5),(2536,3,1),(2537,1,0.64),(2538,2,0.63),(2539,3,1),(2540,3,1),(2541,3,1),(2542,3,1),(2543,2,0.9),(2544,1,0.55),(2545,3,1),(2546,2,0.71),(2547,1,0.6),(2548,2,0.84),(2549,1,0.67),(2550,2,0.59),(2551,3,1),(2552,2,0.82),(2553,2,0.54),(2554,3,1),(2555,2,0.79),(2556,1,0.85),(2557,1,0.47),(2558,2,0.88),(2559,3,1),(2560,2,0.69),(2561,2,0.8),(2562,2,0.9),(2563,1,0.85),(2564,2,0.93),(2565,2,0.86),(2566,3,1),(2567,3,1),(2568,2,0.73),(2569,3,1),(2570,2,0.55),(2571,3,1),(2572,2,0.88),(2573,3,1),(2574,3,1),(2575,3,1),(2576,2,0.68),(2577,3,1),(2578,0,0.43),(2579,2,0.88),(2580,2,0.72),(2581,1,0.58),(2582,3,1),(2583,3,1),(2584,2,0.51),(2585,3,1),(2586,2,0.97),(2587,2,0.99),(2588,1,0.54),(2589,3,1),(2590,3,1),(2591,3,1),(2592,3,1),(2593,3,1),(2594,0,0),(2595,2,0.86),(2596,2,0.55),(2597,2,0.99),(2598,2,0.9),(2599,2,0.66),(2600,1,0.96),(2601,0,0),(2602,0,0),(2603,3,1),(2604,0,0),(2605,1,0.63),(2606,3,1),(2607,3,1),(2608,3,1),(2609,2,0.63),(2610,3,1),(2611,2,0.6),(2612,1,0.81),(2613,1,0.9),(2614,3,1),(2615,1,0.91),(2616,3,1),(2617,1,0.28),(2618,1,0.23),(2619,3,1),(2620,0,0),(2621,3,1),(2622,0,0.27),(2623,3,1),(2624,3,1),(2625,2,0.83),(2626,2,0.86),(2627,0,0.07),(2628,0,0),(2629,3,1),(2630,0,0),(2631,0,0),(2632,0,0),(2633,3,1),(2634,0,0.02),(2635,0,0),(2636,0,0),(2637,3,1),(2638,3,1),(2639,0,0),(2640,0,0),(2641,2,0.91),(2642,1,0.67),(2643,3,1),(2644,2,0.85),(2645,0,0.48),(2646,1,0.53),(2647,2,0.84),(2648,2,0.5),(2649,2,0.83),(2650,2,0.76),(2651,2,0.83),(2652,2,0.78),(2653,1,0.49),(2654,0,0),(2655,3,1),(2656,3,1),(2657,2,0.55),(2658,2,0.76),(2659,3,1),(2660,3,1),(2661,3,1),(2662,3,1),(2663,3,1),(2664,2,0.95),(2665,3,1),(2666,3,1),(2667,1,0.48),(2668,2,0.97),(2669,2,0.76),(2670,1,0.64),(2671,2,0.91),(2672,3,1),(2673,1,0.98),(2674,3,1),(2675,3,1),(2676,3,1),(2677,2,0.67),(2678,1,0.72),(2679,3,1),(2680,2,0.95),(2681,2,0.86),(2682,3,1),(2683,2,0.9),(2684,2,0.8),(2685,1,0.38),(2686,2,0.99),(2687,3,1),(2688,2,0.78),(2689,1,0.81),(2690,3,1),(2691,2,0.84),(2692,2,0.98),(2693,3,1),(2694,3,1),(2695,2,0.78),(2696,2,0.91),(2697,3,1),(2698,3,1),(2699,2,0.66),(2700,0,0),(2701,3,1),(2702,1,0.77),(2703,2,0.96),(2704,2,0.54),(2705,2,0.98),(2706,3,1),(2707,3,1),(2708,1,0.89),(2709,2,0.74),(2710,1,0.73),(2711,3,1),(2712,3,1),(2713,0,0),(2714,0,0),(2715,2,0.83),(2716,1,0.77),(2717,2,0.64),(2718,3,1),(2719,2,0.82),(2720,3,1),(2721,3,1),(2722,2,0.95),(2723,2,0.62),(2724,3,1),(2725,3,1),(2726,3,1),(2727,3,1),(2728,2,0.95),(2729,2,0.91),(2730,3,1),(2731,2,0.82),(2732,0,0),(2733,2,0.92),(2734,0,0.04),(2735,2,0.94),(2736,1,0.47),(2737,1,0.56),(2738,0,0),(2739,3,1),(2740,3,1),(2741,1,0.98),(2742,0,0.04),(2743,3,1),(2744,1,0.52),(2745,2,0.81),(2746,3,1),(2747,2,0.89),(2748,3,1),(2749,0,0.47),(2750,1,0.35),(2751,3,1),(2752,1,0.36),(2753,0,0),(2754,0,0),(2755,3,1),(2756,0,0.02),(2757,3,1),(2758,3,1),(2759,2,0.98),(2760,2,0.59),(2785,2,0.57),(2786,1,0.82),(2787,2,0.75),(2788,2,0.68),(2789,2,0.76),(2790,1,0.54),(2791,1,0.33),(2792,3,1),(2793,0,0.48),(2794,2,0.65),(2795,1,0.53),(2796,3,1),(2797,0,0.31),(2798,1,0.37),(2799,2,0.53),(2800,3,1),(2801,2,0.78),(2802,2,0.9),(2803,2,0.63),(2804,3,1),(2805,1,0.59),(2806,3,1),(2807,2,0.52),(2808,3,1),(2809,3,1),(2810,2,0.97),(2811,2,0.85),(2812,3,1),(2813,2,0.99),(2814,2,0.69),(2815,3,1),(2816,1,0.77),(2817,2,0.95),(2818,3,1),(2819,3,1),(2820,3,1),(2821,1,0.97),(2822,2,0.5),(2823,2,0.58),(2824,2,0.54),(2825,0,0.02),(2826,3,1),(2827,2,0.78),(2828,3,1),(2829,2,0.94),(2830,3,1),(2831,2,0.99),(2832,3,1),(2833,1,0.83),(2834,2,0.9),(2835,3,1),(2836,1,0.72),(2837,1,0.52),(2838,1,0.76),(2839,2,0.76),(2840,2,0.76),(2841,1,0.91),(2842,3,1),(2843,1,0.68),(2844,3,1),(2845,1,0.66),(2846,3,1),(2847,1,0.69),(2848,2,0.73),(2849,2,0.72),(2850,2,0.82),(2851,2,0.59),(2852,2,0.86),(2853,3,1),(2854,3,1),(2855,2,0.8),(2856,3,1),(2857,2,0.61),(2858,2,0.73),(2859,2,0.51),(2860,1,0.43),(2861,3,1),(2862,1,0.74),(2863,2,0.65),(2864,3,1),(2865,3,1),(2866,2,0.75),(2867,2,0.63),(2868,2,0.65),(2869,3,1),(2870,3,1),(2871,2,0.64),(2872,1,0.23),(2873,3,1),(2874,2,0.8),(2875,2,0.5),(2876,1,0.43),(2877,3,1),(2878,1,0.36),(2879,1,0.47),(2880,3,1),(2881,0,0),(2882,0,0),(2883,3,1),(2884,1,0.27),(2885,2,0.99),(2886,3,1),(2887,3,1),(2888,1,0.15),(2889,0,0.42),(2890,1,0.51),(2891,3,1),(2892,1,0.15),(2893,3,1),(2894,1,0.47),(2895,2,0.79),(2896,1,0.36),(2897,2,0.99),(2898,3,1),(2899,3,1),(2900,0,0),(2901,1,0.68),(2902,0,0.4),(2903,2,0.85),(2904,2,0.82),(2905,2,0.56),(2906,2,0.73),(2907,2,0.82),(2908,2,0.85),(2909,2,0.78),(2910,0,0.36),(2911,2,0.62),(2912,2,0.63),(2913,2,0.8),(2914,2,0.91),(2915,0,0),(2916,0,0),(2917,3,1),(2918,1,0.68),(2919,1,0.37),(2920,2,0.88),(2921,1,0.66),(2922,2,0.79),(2923,1,0.69),(2924,3,1),(2925,2,0.64),(2926,3,1),(2927,0,0.31),(2928,0,0.36),(2929,1,0.86),(2930,3,1),(2931,0,0),(2932,0,0),(2933,2,1),(2934,3,0.89),(2935,2,0.9),(2936,2,0.65),(2937,3,0.58),(2938,2,1),(2939,2,0.85),(2940,0,0),(2941,2,0.58),(2942,3,1),(2943,2,0.91),(2944,1,0.37),(2945,2,0.88),(2946,2,0.83),(2947,2,0.89),(2948,2,0.52),(2949,3,1),(2950,2,0.9),(2951,2,0.71),(2952,2,0.65),(2953,3,1),(2954,2,0.99),(2955,2,0.59),(2956,0,0.47),(2957,1,0.66),(2958,3,1),(2959,3,1),(2960,2,0.75),(2961,2,0.7),(2962,2,0.97),(2963,0,0),(2964,0,0),(2965,2,0.98),(2966,3,1),(2967,2,0.67),(2968,2,0.5),(2969,3,1),(2970,3,1),(2971,2,0.52),(2972,1,0.43),(2973,3,1),(2974,2,0.56),(2975,2,0.67),(2976,2,0.77),(2977,3,1),(2978,3,1),(2979,0,0.29),(2980,0,0),(2981,2,0.99),(2982,2,0.65),(2983,0,0),(2984,0,0),(2985,2,0.8),(2986,2,0.87),(2987,1,0.52),(2988,2,0.58),(2989,3,1),(2990,3,1),(2991,1,0.61),(2992,3,1),(2993,3,1),(2994,3,1),(2995,2,0.55),(2996,1,0.69),(2997,2,0.9),(2998,0,0.41),(2999,0,0),(3000,0,0),(3001,3,1),(3002,0,0.41),(3003,2,0.89),(3004,1,0.55),(3005,3,1),(3006,2,0.87),(3007,2,0.66),(3008,3,1),(3009,2,0.54),(3010,2,0.72),(3011,3,1),(3012,2,0.54),(3013,1,0.29),(3014,1,0.31),(3015,0,0),(3016,0,0),(3017,3,1),(3018,3,1),(3019,3,1),(3020,0,0.36),(3021,1,0.28),(3022,0,0.02),(3023,3,1),(3024,0,0),(3025,2,0.7),(3026,1,0.57),(3027,1,0.96),(3028,0,0.47),(3029,2,0.87),(3030,2,0.82),(3031,2,0.57),(3032,2,0.66),(3033,3,1),(3034,3,1),(3035,2,0.57),(3036,3,1),(3037,2,0.69),(3038,3,1),(3039,2,0.95),(3040,2,0.97),(3041,2,0.6),(3042,3,1),(3043,1,0.46),(3044,2,0.88),(3045,2,0.99),(3046,0,0.14),(3047,2,0.9),(3048,3,1),(3049,3,1),(3050,3,1),(3051,1,0.47),(3052,3,1),(3053,2,0.98),(3054,2,0.88),(3055,1,0.53),(3056,2,0.94),(3057,3,1),(3058,3,1),(3059,3,1),(3060,0,0.33),(3061,2,0.91),(3062,3,1),(3063,2,0.62),(3064,1,0.45),(3065,3,1),(3066,2,0.97),(3067,0,0.47),(3068,2,0.97),(3069,2,0.86),(3070,2,0.87),(3071,1,0.67),(3072,2,0.64),(3073,2,0.89),(3074,3,1),(3075,0,0.47),(3076,2,0.91),(3077,2,0.95),(3078,2,0.78),(3079,2,0.67),(3080,2,0.52),(3081,2,0.9),(3082,3,1),(3083,0,0.27),(3084,3,1),(3085,1,0.75),(3086,2,0.95),(3087,3,1),(3088,1,0.57),(3089,1,0.54),(3090,1,0.43),(3091,2,0.62),(3092,0,0.29),(3093,3,1),(3094,1,0.95),(3095,2,0.58),(3096,2,0.82),(3097,2,0.99),(3098,2,0.98),(3099,2,0.74),(3100,1,0.42),(3101,2,0.74),(3102,3,1),(3103,2,0.52),(3104,2,0.73),(3105,1,0.66),(3106,3,1),(3107,2,0.77),(3108,2,0.75),(3109,3,1),(3110,3,1),(3111,1,0.59),(3112,0,0),(3113,3,1),(3114,3,1),(3115,3,1),(3116,2,0.62),(3117,1,0.66),(3118,3,1),(3119,1,0.36),(3120,3,1),(3121,2,0.87),(3122,3,1),(3123,3,1),(3124,1,0.54),(3125,3,1),(3126,1,0.6),(3127,3,1),(3128,3,1),(3129,2,0.86),(3130,1,0.44),(3131,2,0.96),(3132,3,1),(3133,1,0.82),(3134,1,0.18),(3135,2,0.85),(3136,0,0),(3137,2,0.99),(3138,2,0.72),(3139,3,1),(3140,0,0),(3141,2,0.55),(3142,0,0),(3143,3,1),(3144,2,0.69),(3145,1,0.54),(3146,3,1),(3147,2,0.88),(3148,0,0),(3149,2,0.8),(3150,2,0.78),(3151,2,0.5),(3152,1,0.55),(3153,3,1),(3154,1,0.62),(3155,1,0.66),(3156,0,0),(3157,1,0.78),(3158,3,1),(3159,2,0.52),(3160,0,0),(3161,3,1),(3162,3,1),(3163,1,0.7),(3164,0,0),(3165,1,0.84),(3166,3,1),(3167,1,0.61),(3168,3,1),(3169,3,1),(3170,2,0.91),(3171,2,0.59),(3172,2,0.77),(3173,3,1),(3174,2,0.89),(3175,2,0.74),(3176,1,0.59),(3177,1,0.77),(3178,2,0.8),(3179,1,0.5),(3180,1,0.6),(3181,0,0.47),(3182,3,1),(3183,0,0.33),(3184,2,0.9),(3185,0,0.26),(3186,2,0.75),(3187,2,0.82),(3188,2,0.85),(3189,2,0.84),(3190,2,0.72),(3191,2,0.68),(3192,0,0),(3193,3,1),(3194,3,1),(3195,2,0.86),(3196,0,0.13),(3197,3,1),(3198,3,1),(3199,2,0.6),(3200,1,0.6),(3201,3,1),(3202,2,0.55),(3203,2,0.65),(3204,2,0.54),(3205,2,0.76),(3206,3,1),(3207,2,0.85),(3208,2,0.64),(3209,3,1),(3210,1,0.8),(3211,2,0.75),(3212,0,0),(3213,2,0.79),(3214,3,1),(3215,2,0.91),(3216,2,0.69),(3217,2,0.52),(3218,3,1),(3219,2,0.69),(3220,2,0.9),(3221,3,1),(3222,0,0.12),(3223,2,0.65),(3224,3,1),(3225,0,0),(3226,0,0),(3227,2,0.59),(3228,0,0),(3229,0,0.33),(3230,0,0.32),(3231,2,0.63),(3232,0,0.49),(3233,3,1),(3234,3,1),(3235,2,0.81),(3236,3,1),(3237,2,0.67),(3238,2,0.52),(3239,3,1),(3240,3,1),(3241,0,0.13),(3242,0,0),(3243,3,1),(3244,1,0.3),(3245,2,0.7),(3246,1,0.64),(3247,2,0.82),(3248,2,0.92),(3249,2,0.89),(3250,1,0.68),(3251,2,0.87),(3252,3,1),(3253,3,1),(3254,0,0.39),(3255,2,0.79),(3256,2,0.6),(3257,2,0.78),(3258,2,0.55),(3259,3,1),(3260,3,1),(3261,3,1),(3262,3,1),(3263,3,1),(3264,3,1),(3265,3,1),(3266,3,1),(3267,2,0.71),(3268,3,1),(3269,2,0.94),(3270,3,1),(3271,1,0.81),(3272,2,0.78),(3273,2,0.64),(3274,3,1),(3275,2,0.6),(3276,2,0.64),(3277,2,0.94),(3278,3,1),(3279,3,1),(3280,2,0.79),(3281,3,1),(3282,0,0.46),(3283,3,1),(3284,2,0.8),(3285,2,0.85),(3286,1,0.82),(3287,3,1),(3288,2,0.86),(3289,3,1),(3290,1,0.5),(3291,1,0.58),(3292,2,0.6),(3293,2,0.89),(3294,1,0.81),(3295,3,1),(3296,2,0.69),(3297,1,0.79),(3298,3,1),(3299,2,0.63),(3300,3,1),(3301,2,0.85),(3302,2,0.86),(3303,2,0.93),(3304,3,1),(3305,3,1),(3306,3,1),(3307,2,0.75),(3308,2,0.68),(3309,2,0.92),(3310,2,0.67),(3311,3,1),(3312,3,1),(3313,3,1),(3314,3,1),(3315,0,0.19),(3316,0,0.24),(3317,0,0.35),(3318,0,0.3),(3319,3,1),(3320,3,1),(3321,2,0.93),(3322,0,0.04),(3323,3,1),(3324,0,0),(3325,2,0.94),(3326,3,1),(3327,0,0),(3328,0,0),(3329,3,1),(3330,3,1),(3331,0,0),(3332,0,0),(3333,3,1),(3334,2,0.82),(3335,3,1),(3336,0,0.15),(3337,1,0.64),(3338,0,0.02),(3339,1,0.58),(3340,1,0.91),(3341,0,0.36),(3342,0,0),(3343,3,1),(3344,0,0.02),(3345,0,0),(3346,0,0),(3347,0,0),(3348,0,0),(3349,0,0),(3350,0,0),(3351,0,0),(3352,0,0),(3353,0,0),(3354,0,0),(3355,0,0),(3356,0,0),(3357,0,0),(3358,0,0),(3359,0,0),(3360,0,0),(3361,0,0),(3362,0,0),(3363,0,0),(3364,0,0),(3365,0,0),(3366,0,0),(3367,0,0),(3368,0,0),(3369,0,0),(3370,0,0),(3371,0,0),(3372,0,0),(3373,0,0),(3374,0,0),(3375,0,0),(3376,0,0),(3377,0,0),(3378,0,0),(3379,0,0),(3380,0,0),(3381,0,0),(3382,0,0),(3383,0,0),(3384,0,0),(3385,0,0),(3386,0,0),(3387,0,0),(3388,0,0),(3389,0,0),(3390,0,0),(3391,0,0),(3392,0,0),(3393,0,0),(3394,0,0),(3395,0,0),(3396,0,0),(3397,0,0),(3398,0,0),(3399,0,0),(3400,0,0),(3401,0,0),(3402,0,0),(3403,0,0),(3404,0,0),(3405,0,0),(3406,0,0),(3407,0,0),(3408,0,0),(3409,0,0),(3410,0,0),(3411,0,0),(3412,0,0),(3413,0,0),(3414,0,0),(3415,0,0),(3416,0,0),(3417,0,0),(3418,0,0),(3419,0,0),(3420,0,0),(3421,0,0),(3422,0,0),(3423,0,0),(3424,0,0),(3425,0,0),(3426,0,0),(3427,0,0),(3428,0,0),(3429,0,0),(3430,0,0),(3431,0,0),(3432,0,0),(3433,0,0),(3434,0,0),(3435,0,0),(3436,0,0),(3437,0,0),(3438,0,0),(3439,0,0),(3440,0,0),(3441,0,0),(3442,0,0),(3443,0,0),(3444,0,0),(3445,0,0),(3446,0,0),(3447,0,0),(3448,0,0),(3449,0,0),(3450,0,0),(3451,0,0),(3452,0,0),(3453,0,0),(3454,0,0),(3455,0,0),(3456,0,0),(3457,0,0),(3458,0,0),(3459,0,0),(3460,0,0),(3461,0,0),(3462,0,0),(3463,0,0),(3464,0,0);
/*!40000 ALTER TABLE `clan_battle_fight` ENABLE KEYS */;
UNLOCK TABLES;

--
-- Table structure for table `clan_battle_info`
--

DROP TABLE IF EXISTS `clan_battle_info`;
/*!40101 SET @saved_cs_client     = @@character_set_client */;
/*!40101 SET character_set_client = utf8 */;
CREATE TABLE `clan_battle_info` (
  `battle_id` int(11) NOT NULL AUTO_INCREMENT,
  `battle_date` date DEFAULT NULL,
  `opponent_clan_id` varchar(20) DEFAULT NULL,
  `battle_size` smallint(6) DEFAULT NULL,
  `star_win` int(11) DEFAULT '0',
  `star_lose` int(11) DEFAULT '0',
  `crushrate_win` float DEFAULT '0',
  `crushrate_lose` float DEFAULT '0',
  PRIMARY KEY (`battle_id`)
) ENGINE=InnoDB AUTO_INCREMENT=38 DEFAULT CHARSET=utf8;
/*!40101 SET character_set_client = @saved_cs_client */;

--
-- Dumping data for table `clan_battle_info`
--

LOCK TABLES `clan_battle_info` WRITE;
/*!40000 ALTER TABLE `clan_battle_info` DISABLE KEYS */;
INSERT INTO `clan_battle_info` VALUES (1,'2016-09-20','8CRQQG20',30,83,77,0.9393,0.9),(2,'2016-09-23','YLVJUGYG',30,74,79,0.9027,0.919),(3,'2016-09-27','8YJJGGJ2',30,83,67,0.9207,0.7883),(5,'2016-09-29','8P2YP8RP',30,80,67,0.9087,0.8113),(6,'2016-10-01','CQQ8PGL',30,84,55,0.9693,0.7483),(7,'2016-10-03','Y8JQYU2Q',30,82,71,0.9347,0.8423),(8,'2016-10-05','8CY28YUQ',25,67,69,0.9352,0.9536),(9,'2016-10-07','YYG2VY9C',25,66,64,0.9232,0.9224),(11,'2016-10-11','PQGJPY29',40,106,109,0.9095,0.9423),(12,'2016-10-14','PGPVULVP',50,142,91,0.9608,0.7874),(13,'2016-10-18','YYPCRCP8',30,82,46,0.9397,0.8167),(14,'2016-10-21','8GQ0GVGC',30,75,82,0.885,0.943),(15,'2016-10-23','P9C0YV2C',30,81,68,0.9593,0.8773),(17,'2016-10-25','L9JRQCJ2',40,102,109,0.8725,0.953),(18,'2016-10-28','99UPJV9Y',40,120,72,1,0.6248),(19,'2016-11-01','9VUQY29J',30,80,61,0.9487,0.808),(20,'2016-11-04','PJGG9008',40,108,94,0.9323,0.802),(21,'2016-11-08','2QQ2GLQP',40,105,110,0.8763,0.968),(22,'2016-11-11','2C2JJG92',30,79,80,0.925,0.9293),(32,'2016-11-15','90LJYJUY',30,73,79,0.8653,0.87),(33,'2016-11-18','JOYU9LQ',30,83,61,0.92,0.7477),(34,'2016-11-22','R292LJV',30,81,70,0.941,0.8727),(35,'2016-11-25','PCJ2GJGYO',25,70,52,0.9612,0.7588),(36,'2016-11-29','8Q0JLVG0',25,66,69,0.9124,0.952),(37,'2016-12-01','J8V882Y',30,0,0,0,0);
/*!40000 ALTER TABLE `clan_battle_info` ENABLE KEYS */;
UNLOCK TABLES;

--
-- Table structure for table `clan_battle_map`
--

DROP TABLE IF EXISTS `clan_battle_map`;
/*!40101 SET @saved_cs_client     = @@character_set_client */;
/*!40101 SET character_set_client = utf8 */;
CREATE TABLE `clan_battle_map` (
  `battle_id` int(11) DEFAULT NULL,
  `fight_id` smallint(5) unsigned NOT NULL AUTO_INCREMENT,
  `attack` tinyint(1) DEFAULT '1',
  `attack_pos` tinyint(4) DEFAULT '0',
  `attack_grade` tinyint(4) DEFAULT NULL,
  `defense_pos` tinyint(4) DEFAULT '0',
  `defense_grade` tinyint(4) DEFAULT NULL,
  PRIMARY KEY (`fight_id`)
) ENGINE=InnoDB AUTO_INCREMENT=3465 DEFAULT CHARSET=utf8;
/*!40101 SET character_set_client = @saved_cs_client */;

--
-- Dumping data for table `clan_battle_map`
--

LOCK TABLES `clan_battle_map` WRITE;
/*!40000 ALTER TABLE `clan_battle_map` DISABLE KEYS */;
INSERT INTO `clan_battle_map` VALUES (1,1,1,1,11,1,NULL),(1,2,1,1,11,2,NULL),(1,3,1,2,10,4,NULL),(1,4,1,2,10,5,NULL),(1,5,1,3,10,3,NULL),(1,6,1,3,10,7,NULL),(1,7,1,4,10,7,NULL),(1,8,1,4,10,3,NULL),(1,9,1,5,10,7,NULL),(1,10,1,5,10,3,NULL),(1,11,1,6,10,12,NULL),(1,12,1,6,10,2,NULL),(1,13,1,7,10,8,NULL),(1,14,1,7,10,9,NULL),(1,15,1,8,9,5,NULL),(1,16,1,8,9,4,NULL),(1,17,1,9,9,10,NULL),(1,18,1,9,9,15,NULL),(1,19,1,10,9,8,NULL),(1,20,1,10,9,7,NULL),(1,21,1,11,9,15,NULL),(1,22,1,11,9,6,NULL),(1,23,1,12,9,12,NULL),(1,24,1,12,9,14,NULL),(1,25,1,13,9,13,NULL),(1,26,1,13,9,11,NULL),(1,27,1,14,9,15,NULL),(1,28,1,14,9,7,NULL),(1,29,1,15,9,16,NULL),(1,30,1,15,9,1,NULL),(1,31,1,16,9,7,NULL),(1,32,1,16,9,12,NULL),(1,33,1,17,9,18,NULL),(1,34,1,17,9,0,NULL),(1,35,1,18,9,16,NULL),(1,36,1,18,9,15,NULL),(1,37,1,19,9,19,NULL),(1,38,1,19,9,18,NULL),(1,39,1,20,9,21,NULL),(1,40,1,20,9,20,NULL),(1,41,1,21,9,22,NULL),(1,42,1,21,9,19,NULL),(1,43,1,22,9,17,NULL),(1,44,1,22,9,16,NULL),(1,45,1,23,9,23,NULL),(1,46,1,23,9,24,NULL),(1,47,1,24,9,25,NULL),(1,48,1,24,9,19,NULL),(1,49,1,25,8,26,NULL),(1,50,1,25,8,29,NULL),(1,51,1,26,9,27,NULL),(1,52,1,26,9,19,NULL),(1,53,1,27,9,12,NULL),(1,54,1,27,9,7,NULL),(1,55,1,28,8,28,NULL),(1,56,1,28,8,30,NULL),(1,57,1,29,7,29,NULL),(1,58,1,29,7,30,NULL),(1,59,1,59,7,15,NULL),(1,60,1,59,7,7,NULL),(1,61,0,1,NULL,1,NULL),(1,62,0,1,NULL,2,NULL),(1,63,0,2,NULL,3,NULL),(1,64,0,2,NULL,4,NULL),(1,65,0,3,NULL,8,NULL),(1,66,0,3,NULL,5,NULL),(1,67,0,4,NULL,6,NULL),(1,68,0,4,NULL,7,NULL),(1,69,0,5,NULL,9,NULL),(1,70,0,5,NULL,11,NULL),(1,71,0,6,NULL,9,NULL),(1,72,0,6,NULL,8,NULL),(1,73,0,7,NULL,21,NULL),(1,74,0,7,NULL,17,NULL),(1,75,0,8,NULL,13,NULL),(1,76,0,8,NULL,10,NULL),(1,77,0,9,NULL,20,NULL),(1,78,0,9,NULL,14,NULL),(1,79,0,10,NULL,24,NULL),(1,80,0,10,NULL,18,NULL),(1,81,0,11,NULL,15,NULL),(1,82,0,11,NULL,17,NULL),(1,83,0,12,NULL,24,NULL),(1,84,0,12,NULL,23,NULL),(1,85,0,13,NULL,14,NULL),(1,86,0,13,NULL,20,NULL),(1,87,0,14,NULL,18,NULL),(1,88,0,14,NULL,21,NULL),(1,89,0,15,NULL,16,NULL),(1,90,0,15,NULL,12,NULL),(1,91,0,16,NULL,22,NULL),(1,92,0,16,NULL,20,NULL),(1,93,0,17,NULL,23,NULL),(1,94,0,17,NULL,24,NULL),(1,95,0,18,NULL,20,NULL),(1,96,0,18,NULL,0,NULL),(1,97,0,19,NULL,25,NULL),(1,98,0,19,NULL,24,NULL),(1,99,0,20,NULL,19,NULL),(1,100,0,20,NULL,21,NULL),(1,101,0,21,NULL,22,NULL),(1,102,0,21,NULL,18,NULL),(1,103,0,22,NULL,25,NULL),(1,104,0,22,NULL,0,NULL),(1,105,0,23,NULL,25,NULL),(1,106,0,23,NULL,26,NULL),(1,107,0,24,NULL,12,NULL),(1,108,0,24,NULL,11,NULL),(1,109,0,25,NULL,27,NULL),(1,110,0,25,NULL,25,NULL),(1,111,0,26,NULL,30,NULL),(1,112,0,26,NULL,0,NULL),(1,113,0,27,NULL,22,NULL),(1,114,0,27,NULL,20,NULL),(1,115,0,28,NULL,15,NULL),(1,116,0,28,NULL,17,NULL),(1,117,0,29,NULL,0,NULL),(1,118,0,29,NULL,0,NULL),(1,119,0,30,NULL,29,NULL),(1,120,0,30,NULL,28,NULL),(2,121,1,1,NULL,1,NULL),(2,122,1,1,NULL,2,NULL),(2,123,1,31,NULL,3,NULL),(2,124,1,31,NULL,4,NULL),(2,125,1,2,NULL,3,NULL),(2,126,1,2,NULL,7,NULL),(2,127,1,3,NULL,6,NULL),(2,128,1,3,NULL,4,NULL),(2,129,1,4,NULL,5,NULL),(2,130,1,4,NULL,16,NULL),(2,131,1,5,NULL,12,NULL),(2,132,1,5,NULL,0,NULL),(2,133,1,34,NULL,8,NULL),(2,134,1,34,NULL,11,NULL),(2,135,1,6,NULL,9,NULL),(2,136,1,6,NULL,5,NULL),(2,137,1,7,NULL,9,NULL),(2,138,1,7,NULL,11,NULL),(2,139,1,8,NULL,14,NULL),(2,140,1,8,NULL,10,NULL),(2,141,1,10,NULL,13,NULL),(2,142,1,10,NULL,11,NULL),(2,143,1,11,NULL,15,NULL),(2,144,1,11,NULL,20,NULL),(2,145,1,12,NULL,16,NULL),(2,146,1,12,NULL,18,NULL),(2,147,1,32,NULL,17,NULL),(2,148,1,32,NULL,14,NULL),(2,149,1,13,NULL,20,NULL),(2,150,1,13,NULL,12,NULL),(2,151,1,33,NULL,19,NULL),(2,152,1,33,NULL,21,NULL),(2,153,1,15,NULL,21,NULL),(2,154,1,15,NULL,19,NULL),(2,155,1,16,NULL,21,NULL),(2,156,1,16,NULL,19,NULL),(2,157,1,17,NULL,20,NULL),(2,158,1,17,NULL,30,NULL),(2,159,1,18,NULL,20,NULL),(2,160,1,18,NULL,22,NULL),(2,161,1,19,NULL,22,NULL),(2,162,1,19,NULL,19,NULL),(2,163,1,22,NULL,22,NULL),(2,164,1,22,NULL,20,NULL),(2,165,1,23,NULL,23,NULL),(2,166,1,23,NULL,24,NULL),(2,167,1,24,NULL,29,NULL),(2,168,1,24,NULL,20,NULL),(2,169,1,26,NULL,0,NULL),(2,170,1,26,NULL,0,NULL),(2,171,1,25,NULL,27,NULL),(2,172,1,25,NULL,28,NULL),(2,173,1,27,NULL,26,NULL),(2,174,1,27,NULL,25,NULL),(2,175,1,28,NULL,28,NULL),(2,176,1,28,NULL,30,NULL),(2,177,1,29,NULL,30,NULL),(2,178,1,29,NULL,20,NULL),(2,179,1,30,NULL,0,NULL),(2,180,1,30,NULL,0,NULL),(2,181,0,1,NULL,31,NULL),(2,182,0,1,NULL,3,NULL),(2,183,0,2,NULL,1,NULL),(2,184,0,2,NULL,2,NULL),(2,185,0,3,NULL,5,NULL),(2,186,0,3,NULL,34,NULL),(2,187,0,4,NULL,10,NULL),(2,188,0,4,NULL,11,NULL),(2,189,0,5,NULL,34,NULL),(2,190,0,5,NULL,6,NULL),(2,191,0,6,NULL,11,NULL),(2,192,0,6,NULL,12,NULL),(2,193,0,7,NULL,8,NULL),(2,194,0,7,NULL,15,NULL),(2,195,0,8,NULL,7,NULL),(2,196,0,8,NULL,11,NULL),(2,197,0,9,NULL,7,NULL),(2,198,0,9,NULL,10,NULL),(2,199,0,10,NULL,17,NULL),(2,200,0,10,NULL,24,NULL),(2,201,0,11,NULL,32,NULL),(2,202,0,11,NULL,17,NULL),(2,203,0,12,NULL,33,NULL),(2,204,0,12,NULL,10,NULL),(2,205,0,13,NULL,12,NULL),(2,206,0,13,NULL,17,NULL),(2,207,0,14,NULL,13,NULL),(2,208,0,14,NULL,17,NULL),(2,209,0,15,NULL,16,NULL),(2,210,0,15,NULL,19,NULL),(2,211,0,16,NULL,17,NULL),(2,212,0,16,NULL,11,NULL),(2,213,0,17,NULL,23,NULL),(2,214,0,17,NULL,19,NULL),(2,215,0,18,NULL,26,NULL),(2,216,0,18,NULL,23,NULL),(2,217,0,19,NULL,23,NULL),(2,218,0,19,NULL,22,NULL),(2,219,0,20,NULL,18,NULL),(2,220,0,20,NULL,15,NULL),(2,221,0,21,NULL,4,NULL),(2,222,0,21,NULL,2,NULL),(2,223,0,22,NULL,19,NULL),(2,224,0,22,NULL,24,NULL),(2,225,0,23,NULL,25,NULL),(2,226,0,23,NULL,26,NULL),(2,227,0,24,NULL,27,NULL),(2,228,0,24,NULL,29,NULL),(2,229,0,25,NULL,30,NULL),(2,230,0,25,NULL,13,NULL),(2,231,0,26,NULL,28,NULL),(2,232,0,26,NULL,10,NULL),(2,233,0,27,NULL,2,NULL),(2,234,0,27,NULL,6,NULL),(2,235,0,28,NULL,1,NULL),(2,236,0,28,NULL,5,NULL),(2,237,0,29,NULL,31,NULL),(2,238,0,29,NULL,4,NULL),(2,239,0,30,NULL,1,NULL),(2,240,0,30,NULL,3,NULL),(3,241,1,1,NULL,2,NULL),(3,242,1,1,NULL,1,NULL),(3,243,0,1,NULL,1,NULL),(3,244,0,1,NULL,3,NULL),(3,245,1,2,NULL,0,NULL),(3,246,1,2,NULL,0,NULL),(3,247,0,2,NULL,2,NULL),(3,248,0,2,NULL,1,NULL),(3,249,1,3,NULL,4,NULL),(3,250,1,3,NULL,5,NULL),(3,251,0,3,NULL,3,NULL),(3,252,0,3,NULL,5,NULL),(3,253,1,4,NULL,1,NULL),(3,254,1,4,NULL,4,NULL),(3,255,0,4,NULL,4,NULL),(3,256,0,4,NULL,5,NULL),(3,257,1,5,NULL,3,NULL),(3,258,1,5,NULL,6,NULL),(3,259,0,5,NULL,5,NULL),(3,260,0,5,NULL,7,NULL),(3,261,1,34,NULL,5,NULL),(3,262,1,34,NULL,4,NULL),(3,263,0,6,NULL,34,NULL),(3,264,0,6,NULL,45,NULL),(3,265,1,45,NULL,7,NULL),(3,266,1,45,NULL,8,NULL),(3,267,0,7,NULL,45,NULL),(3,268,0,7,NULL,0,NULL),(3,269,1,7,NULL,9,NULL),(3,270,1,7,NULL,12,NULL),(3,271,0,8,NULL,7,NULL),(3,272,0,8,NULL,10,NULL),(3,273,1,8,NULL,11,NULL),(3,274,1,8,NULL,6,NULL),(3,275,0,9,NULL,8,NULL),(3,276,0,9,NULL,38,NULL),(3,277,1,9,NULL,12,NULL),(3,278,1,9,NULL,11,NULL),(3,279,0,10,NULL,9,NULL),(3,280,0,10,NULL,17,NULL),(3,281,1,10,NULL,9,NULL),(3,282,1,10,NULL,10,NULL),(3,283,0,11,NULL,10,NULL),(3,284,0,11,NULL,0,NULL),(3,285,1,11,NULL,15,NULL),(3,286,1,11,NULL,12,NULL),(3,287,0,12,NULL,11,NULL),(3,288,0,12,NULL,15,NULL),(3,289,1,46,NULL,14,NULL),(3,290,1,46,NULL,13,NULL),(3,291,0,13,NULL,46,NULL),(3,292,0,13,NULL,17,NULL),(3,293,1,32,NULL,15,NULL),(3,294,1,32,NULL,12,NULL),(3,295,0,14,NULL,32,NULL),(3,296,0,14,NULL,0,NULL),(3,297,1,13,NULL,14,NULL),(3,298,1,13,NULL,18,NULL),(3,299,0,15,NULL,13,NULL),(3,300,0,15,NULL,44,NULL),(3,301,1,33,NULL,3,NULL),(3,302,1,33,NULL,8,NULL),(3,303,0,16,NULL,33,NULL),(3,304,0,16,NULL,18,NULL),(3,305,1,15,NULL,11,NULL),(3,306,1,15,NULL,1,NULL),(3,307,0,17,NULL,15,NULL),(3,308,0,17,NULL,22,NULL),(3,309,1,18,NULL,22,NULL),(3,310,1,18,NULL,11,NULL),(3,311,0,18,NULL,18,NULL),(3,312,0,18,NULL,24,NULL),(3,313,1,17,NULL,16,NULL),(3,314,1,17,NULL,6,NULL),(3,315,0,19,NULL,17,NULL),(3,316,0,19,NULL,20,NULL),(3,317,1,20,NULL,21,NULL),(3,318,1,20,NULL,19,NULL),(3,319,0,20,NULL,20,NULL),(3,320,0,20,NULL,22,NULL),(3,321,1,21,NULL,16,NULL),(3,322,1,21,NULL,11,NULL),(3,323,0,21,NULL,21,NULL),(3,324,0,21,NULL,26,NULL),(3,325,1,22,NULL,23,NULL),(3,326,1,22,NULL,16,NULL),(3,327,0,22,NULL,22,NULL),(3,328,0,22,NULL,38,NULL),(3,329,1,38,NULL,20,NULL),(3,330,1,38,NULL,17,NULL),(3,331,0,23,NULL,38,NULL),(3,332,0,23,NULL,21,NULL),(3,333,1,24,NULL,27,NULL),(3,334,1,24,NULL,8,NULL),(3,335,0,24,NULL,24,NULL),(3,336,0,24,NULL,44,NULL),(3,337,1,26,NULL,25,NULL),(3,338,1,26,NULL,26,NULL),(3,339,0,25,NULL,26,NULL),(3,340,0,25,NULL,24,NULL),(3,341,1,44,NULL,26,NULL),(3,342,1,44,NULL,24,NULL),(3,343,0,26,NULL,44,NULL),(3,344,0,26,NULL,25,NULL),(3,345,1,25,NULL,29,NULL),(3,346,1,25,NULL,6,NULL),(3,347,0,27,NULL,0,NULL),(3,348,0,27,NULL,0,NULL),(3,349,1,28,NULL,28,NULL),(3,350,1,28,NULL,30,NULL),(3,351,0,28,NULL,28,NULL),(3,352,0,28,NULL,44,NULL),(3,353,1,27,NULL,29,NULL),(3,354,1,27,NULL,28,NULL),(3,355,0,29,NULL,44,NULL),(3,356,0,29,NULL,15,NULL),(3,357,1,30,NULL,8,NULL),(3,358,1,30,NULL,11,NULL),(3,359,0,30,NULL,30,NULL),(3,360,0,30,NULL,27,NULL),(5,361,1,1,NULL,1,NULL),(5,362,1,1,NULL,2,NULL),(5,363,0,1,NULL,1,NULL),(5,364,0,1,NULL,3,NULL),(5,365,1,2,NULL,3,NULL),(5,366,1,2,NULL,5,NULL),(5,367,0,2,NULL,2,NULL),(5,368,0,2,NULL,0,NULL),(5,369,1,3,NULL,3,NULL),(5,370,1,3,NULL,5,NULL),(5,371,0,3,NULL,3,NULL),(5,372,0,3,NULL,5,NULL),(5,373,1,4,NULL,10,NULL),(5,374,1,4,NULL,4,NULL),(5,375,0,4,NULL,4,NULL),(5,376,0,4,NULL,11,NULL),(5,377,1,5,NULL,8,NULL),(5,378,1,5,NULL,4,NULL),(5,379,0,5,NULL,5,NULL),(5,380,0,5,NULL,34,NULL),(5,381,1,34,NULL,7,NULL),(5,382,1,34,NULL,10,NULL),(5,383,0,6,NULL,10,NULL),(5,384,0,6,NULL,13,NULL),(5,385,1,45,NULL,6,NULL),(5,386,1,45,NULL,7,NULL),(5,387,0,7,NULL,8,NULL),(5,388,0,7,NULL,47,NULL),(5,389,1,8,NULL,13,NULL),(5,390,1,8,NULL,17,NULL),(5,391,0,8,NULL,9,NULL),(5,392,0,8,NULL,0,NULL),(5,393,1,9,NULL,8,NULL),(5,394,1,9,NULL,12,NULL),(5,395,0,9,NULL,9,NULL),(5,396,0,9,NULL,23,NULL),(5,397,1,10,NULL,9,NULL),(5,398,1,10,NULL,10,NULL),(5,399,0,10,NULL,33,NULL),(5,400,0,10,NULL,15,NULL),(5,401,1,11,NULL,18,NULL),(5,402,1,11,NULL,20,NULL),(5,403,0,11,NULL,45,NULL),(5,404,0,11,NULL,32,NULL),(5,405,1,46,NULL,11,NULL),(5,406,1,46,NULL,19,NULL),(5,407,0,12,NULL,46,NULL),(5,408,0,12,NULL,15,NULL),(5,409,1,32,NULL,14,NULL),(5,410,1,32,NULL,15,NULL),(5,411,0,13,NULL,32,NULL),(5,412,0,13,NULL,33,NULL),(5,413,1,13,NULL,12,NULL),(5,414,1,13,NULL,16,NULL),(5,415,0,14,NULL,11,NULL),(5,416,0,14,NULL,0,NULL),(5,417,1,33,NULL,16,NULL),(5,418,1,33,NULL,14,NULL),(5,419,0,15,NULL,38,NULL),(5,420,0,15,NULL,22,NULL),(5,421,1,15,NULL,20,NULL),(5,422,1,15,NULL,16,NULL),(5,423,0,16,NULL,15,NULL),(5,424,0,16,NULL,32,NULL),(5,425,1,47,NULL,21,NULL),(5,426,1,47,NULL,16,NULL),(5,427,0,17,NULL,17,NULL),(5,428,0,17,NULL,21,NULL),(5,429,1,16,NULL,14,NULL),(5,430,1,16,NULL,0,NULL),(5,431,0,18,NULL,16,NULL),(5,432,0,18,NULL,21,NULL),(5,433,1,17,NULL,29,NULL),(5,434,1,17,NULL,8,NULL),(5,435,0,19,NULL,17,NULL),(5,436,0,19,NULL,16,NULL),(5,437,1,21,NULL,24,NULL),(5,438,1,21,NULL,21,NULL),(5,439,0,20,NULL,22,NULL),(5,440,0,20,NULL,26,NULL),(5,441,1,22,NULL,23,NULL),(5,442,1,22,NULL,22,NULL),(5,443,0,21,NULL,21,NULL),(5,444,0,21,NULL,16,NULL),(5,445,1,38,NULL,25,NULL),(5,446,1,38,NULL,22,NULL),(5,447,0,22,NULL,47,NULL),(5,448,0,22,NULL,24,NULL),(5,449,1,23,NULL,23,NULL),(5,450,1,23,NULL,28,NULL),(5,451,0,23,NULL,24,NULL),(5,452,0,23,NULL,44,NULL),(5,453,1,24,NULL,24,NULL),(5,454,1,24,NULL,28,NULL),(5,455,0,24,NULL,24,NULL),(5,456,0,24,NULL,25,NULL),(5,457,1,26,NULL,26,NULL),(5,458,1,26,NULL,25,NULL),(5,459,0,25,NULL,38,NULL),(5,460,0,25,NULL,25,NULL),(5,461,1,44,NULL,27,NULL),(5,462,1,44,NULL,28,NULL),(5,463,0,26,NULL,26,NULL),(5,464,0,26,NULL,0,NULL),(5,465,1,25,NULL,30,NULL),(5,466,1,25,NULL,29,NULL),(5,467,0,27,NULL,44,NULL),(5,468,0,27,NULL,25,NULL),(5,469,1,28,NULL,28,NULL),(5,470,1,28,NULL,29,NULL),(5,471,0,28,NULL,54,NULL),(5,472,0,28,NULL,25,NULL),(5,473,1,27,NULL,29,NULL),(5,474,1,27,NULL,28,NULL),(5,475,0,29,NULL,44,NULL),(5,476,0,29,NULL,27,NULL),(5,477,1,54,NULL,16,NULL),(5,478,1,54,NULL,11,NULL),(5,479,0,30,NULL,28,NULL),(5,480,0,30,NULL,27,NULL),(6,481,1,1,NULL,2,NULL),(6,482,1,1,NULL,1,NULL),(6,483,0,1,NULL,1,NULL),(6,484,0,1,NULL,2,NULL),(6,485,1,2,NULL,3,NULL),(6,486,1,2,NULL,4,NULL),(6,487,0,2,NULL,3,NULL),(6,488,0,2,NULL,0,NULL),(6,489,1,3,NULL,3,NULL),(6,490,1,3,NULL,5,NULL),(6,491,0,3,NULL,5,NULL),(6,492,0,3,NULL,4,NULL),(6,493,1,5,NULL,7,NULL),(6,494,1,5,NULL,1,NULL),(6,495,0,4,NULL,0,NULL),(6,496,0,4,NULL,0,NULL),(6,497,1,4,NULL,22,NULL),(6,498,1,4,NULL,6,NULL),(6,499,0,5,NULL,7,NULL),(6,500,0,5,NULL,0,NULL),(6,501,1,34,NULL,6,NULL),(6,502,1,34,NULL,16,NULL),(6,503,0,6,NULL,45,NULL),(6,504,0,6,NULL,11,NULL),(6,505,1,7,NULL,16,NULL),(6,506,1,7,NULL,19,NULL),(6,507,0,7,NULL,0,NULL),(6,508,0,7,NULL,0,NULL),(6,509,1,45,NULL,8,NULL),(6,510,1,45,NULL,9,NULL),(6,511,0,8,NULL,11,NULL),(6,512,0,8,NULL,46,NULL),(6,513,1,10,NULL,10,NULL),(6,514,1,10,NULL,9,NULL),(6,515,0,9,NULL,0,NULL),(6,516,0,9,NULL,0,NULL),(6,517,1,11,NULL,17,NULL),(6,518,1,11,NULL,24,NULL),(6,519,0,10,NULL,10,NULL),(6,520,0,10,NULL,32,NULL),(6,521,1,46,NULL,12,NULL),(6,522,1,46,NULL,13,NULL),(6,523,0,11,NULL,13,NULL),(6,524,0,11,NULL,0,NULL),(6,525,1,32,NULL,11,NULL),(6,526,1,32,NULL,9,NULL),(6,527,0,12,NULL,33,NULL),(6,528,0,12,NULL,15,NULL),(6,529,1,13,NULL,13,NULL),(6,530,1,13,NULL,14,NULL),(6,531,0,13,NULL,18,NULL),(6,532,0,13,NULL,26,NULL),(6,533,1,33,NULL,24,NULL),(6,534,1,33,NULL,9,NULL),(6,535,0,14,NULL,47,NULL),(6,536,0,14,NULL,38,NULL),(6,537,1,15,NULL,26,NULL),(6,538,1,15,NULL,25,NULL),(6,539,0,15,NULL,18,NULL),(6,540,0,15,NULL,55,NULL),(6,541,1,47,NULL,16,NULL),(6,542,1,47,NULL,22,NULL),(6,543,0,16,NULL,17,NULL),(6,544,0,16,NULL,18,NULL),(6,545,1,18,NULL,15,NULL),(6,546,1,18,NULL,20,NULL),(6,547,0,17,NULL,0,NULL),(6,548,0,17,NULL,0,NULL),(6,549,1,17,NULL,26,NULL),(6,550,1,17,NULL,25,NULL),(6,551,0,18,NULL,15,NULL),(6,552,0,18,NULL,38,NULL),(6,553,1,20,NULL,18,NULL),(6,554,1,20,NULL,19,NULL),(6,555,0,19,NULL,0,NULL),(6,556,0,19,NULL,0,NULL),(6,557,1,55,NULL,0,NULL),(6,558,1,55,NULL,0,NULL),(6,559,0,20,NULL,47,NULL),(6,560,0,20,NULL,0,NULL),(6,561,1,22,NULL,21,NULL),(6,562,1,22,NULL,23,NULL),(6,563,0,21,NULL,20,NULL),(6,564,0,21,NULL,15,NULL),(6,565,1,38,NULL,22,NULL),(6,566,1,38,NULL,24,NULL),(6,567,0,22,NULL,38,NULL),(6,568,0,22,NULL,26,NULL),(6,569,1,24,NULL,24,NULL),(6,570,1,24,NULL,16,NULL),(6,571,0,23,NULL,24,NULL),(6,572,0,23,NULL,22,NULL),(6,573,1,26,NULL,26,NULL),(6,574,1,26,NULL,25,NULL),(6,575,0,24,NULL,26,NULL),(6,576,0,24,NULL,38,NULL),(6,577,1,44,NULL,26,NULL),(6,578,1,44,NULL,28,NULL),(6,579,0,25,NULL,44,NULL),(6,580,0,25,NULL,33,NULL),(6,581,1,25,NULL,29,NULL),(6,582,1,25,NULL,7,NULL),(6,583,0,26,NULL,25,NULL),(6,584,0,26,NULL,0,NULL),(6,585,1,28,NULL,30,NULL),(6,586,1,28,NULL,29,NULL),(6,587,0,27,NULL,28,NULL),(6,588,0,27,NULL,0,NULL),(6,589,1,27,NULL,27,NULL),(6,590,1,27,NULL,28,NULL),(6,591,0,28,NULL,54,NULL),(6,592,0,28,NULL,27,NULL),(6,593,1,54,NULL,0,NULL),(6,594,1,54,NULL,0,NULL),(6,595,0,29,NULL,0,NULL),(6,596,0,29,NULL,0,NULL),(6,597,1,56,NULL,0,NULL),(6,598,1,56,NULL,0,NULL),(6,599,0,30,NULL,56,NULL),(6,600,0,30,NULL,0,NULL),(7,601,1,1,NULL,1,NULL),(7,602,1,1,NULL,2,NULL),(7,603,0,1,NULL,3,NULL),(7,604,0,1,NULL,4,NULL),(7,605,1,3,NULL,5,NULL),(7,606,1,3,NULL,3,NULL),(7,607,0,2,NULL,5,NULL),(7,608,0,2,NULL,7,NULL),(7,609,1,4,NULL,6,NULL),(7,610,1,4,NULL,5,NULL),(7,611,0,3,NULL,6,NULL),(7,612,0,3,NULL,45,NULL),(7,613,1,5,NULL,4,NULL),(7,614,1,5,NULL,11,NULL),(7,615,0,4,NULL,34,NULL),(7,616,0,4,NULL,6,NULL),(7,617,1,34,NULL,6,NULL),(7,618,1,34,NULL,10,NULL),(7,619,0,5,NULL,3,NULL),(7,620,0,5,NULL,0,NULL),(7,621,1,6,NULL,6,NULL),(7,622,1,6,NULL,12,NULL),(7,623,0,6,NULL,7,NULL),(7,624,0,6,NULL,11,NULL),(7,625,1,7,NULL,10,NULL),(7,626,1,7,NULL,13,NULL),(7,627,0,7,NULL,45,NULL),(7,628,0,7,NULL,57,NULL),(7,629,1,45,NULL,7,NULL),(7,630,1,45,NULL,8,NULL),(7,631,0,8,NULL,33,NULL),(7,632,0,8,NULL,32,NULL),(7,633,1,57,NULL,9,NULL),(7,634,1,57,NULL,10,NULL),(7,635,0,9,NULL,15,NULL),(7,636,0,9,NULL,0,NULL),(7,637,1,9,NULL,22,NULL),(7,638,1,9,NULL,16,NULL),(7,639,0,10,NULL,38,NULL),(7,640,0,10,NULL,18,NULL),(7,641,1,46,NULL,12,NULL),(7,642,1,46,NULL,11,NULL),(7,643,0,11,NULL,17,NULL),(7,644,0,11,NULL,23,NULL),(7,645,1,11,NULL,14,NULL),(7,646,1,11,NULL,20,NULL),(7,647,0,12,NULL,9,NULL),(7,648,0,12,NULL,46,NULL),(7,649,1,32,NULL,13,NULL),(7,650,1,32,NULL,15,NULL),(7,651,0,13,NULL,14,NULL),(7,652,0,13,NULL,0,NULL),(7,653,1,14,NULL,0,NULL),(7,654,1,14,NULL,0,NULL),(7,655,0,14,NULL,14,NULL),(7,656,0,14,NULL,0,NULL),(7,657,1,33,NULL,16,NULL),(7,658,1,33,NULL,15,NULL),(7,659,0,15,NULL,20,NULL),(7,660,0,15,NULL,0,NULL),(7,661,1,15,NULL,0,NULL),(7,662,1,15,NULL,0,NULL),(7,663,0,16,NULL,23,NULL),(7,664,0,16,NULL,18,NULL),(7,665,1,18,NULL,16,NULL),(7,666,1,18,NULL,15,NULL),(7,667,0,17,NULL,26,NULL),(7,668,0,17,NULL,24,NULL),(7,669,1,17,NULL,9,NULL),(7,670,1,17,NULL,10,NULL),(7,671,0,18,NULL,38,NULL),(7,672,0,18,NULL,22,NULL),(7,673,1,20,NULL,18,NULL),(7,674,1,20,NULL,17,NULL),(7,675,0,19,NULL,22,NULL),(7,676,0,19,NULL,26,NULL),(7,677,1,22,NULL,20,NULL),(7,678,1,22,NULL,22,NULL),(7,679,0,20,NULL,26,NULL),(7,680,0,20,NULL,24,NULL),(7,681,1,23,NULL,22,NULL),(7,682,1,23,NULL,30,NULL),(7,683,0,21,NULL,38,NULL),(7,684,0,21,NULL,0,NULL),(7,685,1,38,NULL,19,NULL),(7,686,1,38,NULL,21,NULL),(7,687,0,22,NULL,44,NULL),(7,688,0,22,NULL,26,NULL),(7,689,1,24,NULL,23,NULL),(7,690,1,24,NULL,22,NULL),(7,691,0,23,NULL,26,NULL),(7,692,0,23,NULL,24,NULL),(7,693,1,26,NULL,27,NULL),(7,694,1,26,NULL,22,NULL),(7,695,0,24,NULL,29,NULL),(7,696,0,24,NULL,26,NULL),(7,697,1,44,NULL,24,NULL),(7,698,1,44,NULL,25,NULL),(7,699,0,25,NULL,28,NULL),(7,700,0,25,NULL,27,NULL),(7,701,1,28,NULL,26,NULL),(7,702,1,28,NULL,27,NULL),(7,703,0,26,NULL,0,NULL),(7,704,0,26,NULL,0,NULL),(7,705,1,27,NULL,28,NULL),(7,706,1,27,NULL,27,NULL),(7,707,0,27,NULL,43,NULL),(7,708,0,27,NULL,0,NULL),(7,709,1,29,NULL,20,NULL),(7,710,1,29,NULL,30,NULL),(7,711,0,28,NULL,54,NULL),(7,712,0,28,NULL,26,NULL),(7,713,1,43,NULL,29,NULL),(7,714,1,43,NULL,26,NULL),(7,715,0,29,NULL,0,NULL),(7,716,0,29,NULL,0,NULL),(7,717,1,54,NULL,26,NULL),(7,718,1,54,NULL,22,NULL),(7,719,0,30,NULL,27,NULL),(7,720,0,30,NULL,24,NULL),(8,721,1,1,NULL,2,NULL),(8,722,1,1,NULL,1,NULL),(8,723,0,1,NULL,3,NULL),(8,724,0,1,NULL,1,NULL),(8,725,1,3,NULL,4,NULL),(8,726,1,3,NULL,3,NULL),(8,727,0,2,NULL,5,NULL),(8,728,0,2,NULL,34,NULL),(8,729,1,5,NULL,5,NULL),(8,730,1,5,NULL,6,NULL),(8,731,0,3,NULL,6,NULL),(8,732,0,3,NULL,9,NULL),(8,733,1,34,NULL,4,NULL),(8,734,1,34,NULL,10,NULL),(8,735,0,4,NULL,57,NULL),(8,736,0,4,NULL,6,NULL),(8,737,1,6,NULL,6,NULL),(8,738,1,6,NULL,16,NULL),(8,739,0,5,NULL,45,NULL),(8,740,0,5,NULL,32,NULL),(8,741,1,7,NULL,9,NULL),(8,742,1,7,NULL,15,NULL),(8,743,0,6,NULL,7,NULL),(8,744,0,6,NULL,11,NULL),(8,745,1,45,NULL,7,NULL),(8,746,1,45,NULL,8,NULL),(8,747,0,7,NULL,18,NULL),(8,748,0,7,NULL,32,NULL),(8,749,1,57,NULL,15,NULL),(8,750,1,57,NULL,12,NULL),(8,751,0,8,NULL,18,NULL),(8,752,0,8,NULL,33,NULL),(8,753,1,9,NULL,9,NULL),(8,754,1,9,NULL,4,NULL),(8,755,0,9,NULL,39,NULL),(8,756,0,9,NULL,18,NULL),(8,757,1,11,NULL,13,NULL),(8,758,1,11,NULL,9,NULL),(8,759,0,10,NULL,32,NULL),(8,760,0,10,NULL,18,NULL),(8,761,1,32,NULL,12,NULL),(8,762,1,32,NULL,11,NULL),(8,763,0,11,NULL,33,NULL),(8,764,0,11,NULL,57,NULL),(8,765,1,33,NULL,12,NULL),(8,766,1,33,NULL,9,NULL),(8,767,0,12,NULL,20,NULL),(8,768,0,12,NULL,18,NULL),(8,769,1,39,NULL,15,NULL),(8,770,1,39,NULL,11,NULL),(8,771,0,13,NULL,20,NULL),(8,772,0,13,NULL,39,NULL),(8,773,1,18,NULL,14,NULL),(8,774,1,18,NULL,17,NULL),(8,775,0,14,NULL,0,NULL),(8,776,0,14,NULL,0,NULL),(8,777,1,20,NULL,15,NULL),(8,778,1,20,NULL,16,NULL),(8,779,0,15,NULL,20,NULL),(8,780,0,15,NULL,24,NULL),(8,781,1,22,NULL,19,NULL),(8,782,1,22,NULL,14,NULL),(8,783,0,16,NULL,20,NULL),(8,784,0,16,NULL,33,NULL),(8,785,1,38,NULL,9,NULL),(8,786,1,38,NULL,5,NULL),(8,787,0,17,NULL,24,NULL),(8,788,0,17,NULL,18,NULL),(8,789,1,24,NULL,18,NULL),(8,790,1,24,NULL,14,NULL),(8,791,0,18,NULL,44,NULL),(8,792,0,18,NULL,18,NULL),(8,793,1,26,NULL,19,NULL),(8,794,1,26,NULL,11,NULL),(8,795,0,19,NULL,38,NULL),(8,796,0,19,NULL,22,NULL),(8,797,1,44,NULL,1,NULL),(8,798,1,44,NULL,2,NULL),(8,799,0,20,NULL,28,NULL),(8,800,0,20,NULL,59,NULL),(8,801,1,58,NULL,21,NULL),(8,802,1,58,NULL,25,NULL),(8,803,0,21,NULL,58,NULL),(8,804,0,21,NULL,27,NULL),(8,805,1,28,NULL,22,NULL),(8,806,1,28,NULL,23,NULL),(8,807,0,22,NULL,0,NULL),(8,808,0,22,NULL,0,NULL),(8,809,1,27,NULL,20,NULL),(8,810,1,27,NULL,16,NULL),(8,811,0,23,NULL,54,NULL),(8,812,0,23,NULL,0,NULL),(8,813,1,59,NULL,0,NULL),(8,814,1,59,NULL,0,NULL),(8,815,0,24,NULL,18,NULL),(8,816,0,24,NULL,39,NULL),(8,817,1,54,NULL,24,NULL),(8,818,1,54,NULL,6,NULL),(8,819,0,25,NULL,26,NULL),(8,820,0,25,NULL,24,NULL),(9,821,1,1,NULL,1,NULL),(9,822,1,1,NULL,2,NULL),(9,823,0,1,NULL,3,NULL),(9,824,0,1,NULL,7,NULL),(9,825,1,3,NULL,4,NULL),(9,826,1,3,NULL,3,NULL),(9,827,0,2,NULL,3,NULL),(9,828,0,2,NULL,34,NULL),(9,829,1,34,NULL,9,NULL),(9,830,1,34,NULL,10,NULL),(9,831,0,3,NULL,6,NULL),(9,832,0,3,NULL,3,NULL),(9,833,1,6,NULL,5,NULL),(9,834,1,6,NULL,4,NULL),(9,835,0,4,NULL,12,NULL),(9,836,0,4,NULL,6,NULL),(9,837,1,7,NULL,6,NULL),(9,838,1,7,NULL,10,NULL),(9,839,0,5,NULL,46,NULL),(9,840,0,5,NULL,38,NULL),(9,841,1,45,NULL,8,NULL),(9,842,1,45,NULL,7,NULL),(9,843,0,6,NULL,7,NULL),(9,844,0,6,NULL,57,NULL),(9,845,1,57,NULL,10,NULL),(9,846,1,57,NULL,16,NULL),(9,847,0,7,NULL,57,NULL),(9,848,0,7,NULL,7,NULL),(9,849,1,8,NULL,17,NULL),(9,850,1,8,NULL,16,NULL),(9,851,0,8,NULL,8,NULL),(9,852,0,8,NULL,9,NULL),(9,853,1,9,NULL,10,NULL),(9,854,1,9,NULL,11,NULL),(9,855,0,9,NULL,22,NULL),(9,856,0,9,NULL,32,NULL),(9,857,1,60,NULL,13,NULL),(9,858,1,60,NULL,12,NULL),(9,859,0,10,NULL,45,NULL),(9,860,0,10,NULL,32,NULL),(9,861,1,46,NULL,15,NULL),(9,862,1,46,NULL,11,NULL),(9,863,0,11,NULL,32,NULL),(9,864,0,11,NULL,57,NULL),(9,865,1,12,NULL,12,NULL),(9,866,1,12,NULL,14,NULL),(9,867,0,12,NULL,12,NULL),(9,868,0,12,NULL,61,NULL),(9,869,1,32,NULL,12,NULL),(9,870,1,32,NULL,13,NULL),(9,871,0,13,NULL,32,NULL),(9,872,0,13,NULL,46,NULL),(9,873,1,33,NULL,17,NULL),(9,874,1,33,NULL,15,NULL),(9,875,0,14,NULL,39,NULL),(9,876,0,14,NULL,57,NULL),(9,877,1,39,NULL,15,NULL),(9,878,1,39,NULL,13,NULL),(9,879,0,15,NULL,33,NULL),(9,880,0,15,NULL,32,NULL),(9,881,1,22,NULL,16,NULL),(9,882,1,22,NULL,19,NULL),(9,883,0,16,NULL,32,NULL),(9,884,0,16,NULL,46,NULL),(9,885,1,23,NULL,22,NULL),(9,886,1,23,NULL,11,NULL),(9,887,0,17,NULL,33,NULL),(9,888,0,17,NULL,32,NULL),(9,889,1,38,NULL,18,NULL),(9,890,1,38,NULL,17,NULL),(9,891,0,18,NULL,38,NULL),(9,892,0,18,NULL,24,NULL),(9,893,1,24,NULL,22,NULL),(9,894,1,24,NULL,15,NULL),(9,895,0,19,NULL,24,NULL),(9,896,0,19,NULL,22,NULL),(9,897,1,61,NULL,0,NULL),(9,898,1,61,NULL,0,NULL),(9,899,0,20,NULL,60,NULL),(9,900,0,20,NULL,57,NULL),(9,901,1,44,NULL,24,NULL),(9,902,1,44,NULL,21,NULL),(9,903,0,21,NULL,38,NULL),(9,904,0,21,NULL,44,NULL),(9,905,1,58,NULL,21,NULL),(9,906,1,58,NULL,23,NULL),(9,907,0,22,NULL,58,NULL),(9,908,0,22,NULL,44,NULL),(9,909,1,28,NULL,20,NULL),(9,910,1,28,NULL,23,NULL),(9,911,0,23,NULL,28,NULL),(9,912,0,23,NULL,27,NULL),(9,913,1,27,NULL,25,NULL),(9,914,1,27,NULL,22,NULL),(9,915,0,24,NULL,60,NULL),(9,916,0,24,NULL,23,NULL),(9,917,1,54,NULL,20,NULL),(9,918,1,54,NULL,21,NULL),(9,919,0,25,NULL,54,NULL),(9,920,0,25,NULL,28,NULL),(10,921,0,1,NULL,0,NULL),(10,922,0,1,NULL,0,NULL),(10,923,0,2,NULL,0,NULL),(10,924,0,2,NULL,0,NULL),(10,925,0,3,NULL,0,NULL),(10,926,0,3,NULL,0,NULL),(10,927,0,4,NULL,0,NULL),(10,928,0,4,NULL,0,NULL),(10,929,0,5,NULL,0,NULL),(10,930,0,5,NULL,0,NULL),(10,931,0,6,NULL,0,NULL),(10,932,0,6,NULL,0,NULL),(10,933,0,7,NULL,0,NULL),(10,934,0,7,NULL,0,NULL),(10,935,0,8,NULL,0,NULL),(10,936,0,8,NULL,0,NULL),(10,937,0,9,NULL,0,NULL),(10,938,0,9,NULL,0,NULL),(10,939,0,10,NULL,0,NULL),(10,940,0,10,NULL,0,NULL),(10,941,0,11,NULL,0,NULL),(10,942,0,11,NULL,0,NULL),(10,943,0,12,NULL,0,NULL),(10,944,0,12,NULL,0,NULL),(10,945,0,13,NULL,0,NULL),(10,946,0,13,NULL,0,NULL),(10,947,0,14,NULL,0,NULL),(10,948,0,14,NULL,0,NULL),(10,949,0,15,NULL,0,NULL),(10,950,0,15,NULL,0,NULL),(10,951,0,16,NULL,0,NULL),(10,952,0,16,NULL,0,NULL),(10,953,0,17,NULL,0,NULL),(10,954,0,17,NULL,0,NULL),(10,955,0,18,NULL,0,NULL),(10,956,0,18,NULL,0,NULL),(10,957,0,19,NULL,0,NULL),(10,958,0,19,NULL,0,NULL),(10,959,0,20,NULL,0,NULL),(10,960,0,20,NULL,0,NULL),(10,961,0,21,NULL,0,NULL),(10,962,0,21,NULL,0,NULL),(10,963,0,22,NULL,0,NULL),(10,964,0,22,NULL,0,NULL),(10,965,0,23,NULL,0,NULL),(10,966,0,23,NULL,0,NULL),(10,967,0,24,NULL,0,NULL),(10,968,0,24,NULL,0,NULL),(10,969,0,25,NULL,0,NULL),(10,970,0,25,NULL,0,NULL),(10,971,0,26,NULL,0,NULL),(10,972,0,26,NULL,0,NULL),(10,973,0,27,NULL,0,NULL),(10,974,0,27,NULL,0,NULL),(10,975,0,28,NULL,0,NULL),(10,976,0,28,NULL,0,NULL),(10,977,0,29,NULL,0,NULL),(10,978,0,29,NULL,0,NULL),(10,979,0,30,NULL,0,NULL),(10,980,0,30,NULL,0,NULL),(10,981,0,31,NULL,0,NULL),(10,982,0,31,NULL,0,NULL),(10,983,0,32,NULL,0,NULL),(10,984,0,32,NULL,0,NULL),(10,985,0,33,NULL,0,NULL),(10,986,0,33,NULL,0,NULL),(10,987,0,34,NULL,0,NULL),(10,988,0,34,NULL,0,NULL),(10,989,0,35,NULL,0,NULL),(10,990,0,35,NULL,0,NULL),(10,991,0,36,NULL,0,NULL),(10,992,0,36,NULL,0,NULL),(10,993,0,37,NULL,0,NULL),(10,994,0,37,NULL,0,NULL),(10,995,0,38,NULL,0,NULL),(10,996,0,38,NULL,0,NULL),(10,997,0,39,NULL,0,NULL),(10,998,0,39,NULL,0,NULL),(10,999,0,40,NULL,0,NULL),(10,1000,0,40,NULL,0,NULL),(11,1001,1,1,NULL,2,NULL),(11,1002,1,1,NULL,1,NULL),(11,1003,0,1,NULL,2,NULL),(11,1004,0,1,NULL,3,NULL),(11,1005,1,2,NULL,3,NULL),(11,1006,1,2,NULL,8,NULL),(11,1007,0,2,NULL,6,NULL),(11,1008,0,2,NULL,1,NULL),(11,1009,1,3,NULL,4,NULL),(11,1010,1,3,NULL,5,NULL),(11,1011,0,3,NULL,34,NULL),(11,1012,0,3,NULL,12,NULL),(11,1013,1,4,NULL,9,NULL),(11,1014,1,4,NULL,8,NULL),(11,1015,0,4,NULL,62,NULL),(11,1016,0,4,NULL,7,NULL),(11,1017,1,6,NULL,7,NULL),(11,1018,1,6,NULL,9,NULL),(11,1019,0,5,NULL,60,NULL),(11,1020,0,5,NULL,14,NULL),(11,1021,1,34,NULL,24,NULL),(11,1022,1,34,NULL,16,NULL),(11,1023,0,6,NULL,7,NULL),(11,1024,0,6,NULL,33,NULL),(11,1025,1,62,NULL,13,NULL),(11,1026,1,62,NULL,10,NULL),(11,1027,0,7,NULL,62,NULL),(11,1028,0,7,NULL,18,NULL),(11,1029,1,7,NULL,11,NULL),(11,1030,1,7,NULL,6,NULL),(11,1031,0,8,NULL,62,NULL),(11,1032,0,8,NULL,60,NULL),(11,1033,1,8,NULL,20,NULL),(11,1034,1,8,NULL,23,NULL),(11,1035,0,9,NULL,8,NULL),(11,1036,0,9,NULL,63,NULL),(11,1037,1,60,NULL,16,NULL),(11,1038,1,60,NULL,18,NULL),(11,1039,0,10,NULL,17,NULL),(11,1040,0,10,NULL,46,NULL),(11,1041,1,10,NULL,18,NULL),(11,1042,1,10,NULL,16,NULL),(11,1043,0,11,NULL,8,NULL),(11,1044,0,11,NULL,10,NULL),(11,1045,1,46,NULL,14,NULL),(11,1046,1,46,NULL,12,NULL),(11,1047,0,12,NULL,60,NULL),(11,1048,0,12,NULL,46,NULL),(11,1049,1,12,NULL,15,NULL),(11,1050,1,12,NULL,27,NULL),(11,1051,0,13,NULL,33,NULL),(11,1052,0,13,NULL,12,NULL),(11,1053,1,13,NULL,15,NULL),(11,1054,1,13,NULL,17,NULL),(11,1055,0,14,NULL,46,NULL),(11,1056,0,14,NULL,33,NULL),(11,1057,1,33,NULL,27,NULL),(11,1058,1,33,NULL,26,NULL),(11,1059,0,15,NULL,14,NULL),(11,1060,0,15,NULL,23,NULL),(11,1061,1,14,NULL,0,NULL),(11,1062,1,14,NULL,0,NULL),(11,1063,0,16,NULL,20,NULL),(11,1064,0,16,NULL,18,NULL),(11,1065,1,39,NULL,27,NULL),(11,1066,1,39,NULL,4,NULL),(11,1067,0,17,NULL,14,NULL),(11,1068,0,17,NULL,21,NULL),(11,1069,1,15,NULL,26,NULL),(11,1070,1,15,NULL,1,NULL),(11,1071,0,18,NULL,0,NULL),(11,1072,0,18,NULL,0,NULL),(11,1073,1,18,NULL,20,NULL),(11,1074,1,18,NULL,21,NULL),(11,1075,0,19,NULL,64,NULL),(11,1076,0,19,NULL,38,NULL),(11,1077,1,17,NULL,29,NULL),(11,1078,1,17,NULL,38,NULL),(11,1079,0,20,NULL,13,NULL),(11,1080,0,20,NULL,8,NULL),(11,1081,1,20,NULL,22,NULL),(11,1082,1,20,NULL,19,NULL),(11,1083,0,21,NULL,36,NULL),(11,1084,0,21,NULL,24,NULL),(11,1085,1,21,NULL,21,NULL),(11,1086,1,21,NULL,1,NULL),(11,1087,0,22,NULL,63,NULL),(11,1088,0,22,NULL,26,NULL),(11,1089,1,22,NULL,23,NULL),(11,1090,1,22,NULL,26,NULL),(11,1091,0,23,NULL,15,NULL),(11,1092,0,23,NULL,39,NULL),(11,1093,1,23,NULL,24,NULL),(11,1094,1,23,NULL,28,NULL),(11,1095,0,24,NULL,63,NULL),(11,1096,0,24,NULL,36,NULL),(11,1097,1,38,NULL,25,NULL),(11,1098,1,38,NULL,19,NULL),(11,1099,0,25,NULL,36,NULL),(11,1100,0,25,NULL,0,NULL),(11,1101,1,24,NULL,26,NULL),(11,1102,1,24,NULL,27,NULL),(11,1103,0,26,NULL,24,NULL),(11,1104,0,26,NULL,36,NULL),(11,1105,1,63,NULL,0,NULL),(11,1106,1,63,NULL,0,NULL),(11,1107,0,27,NULL,63,NULL),(11,1108,0,27,NULL,0,NULL),(11,1109,1,64,NULL,28,NULL),(11,1110,1,64,NULL,20,NULL),(11,1111,0,28,NULL,25,NULL),(11,1112,0,28,NULL,26,NULL),(11,1113,1,36,NULL,27,NULL),(11,1114,1,36,NULL,26,NULL),(11,1115,0,29,NULL,26,NULL),(11,1116,0,29,NULL,22,NULL),(11,1117,1,26,NULL,30,NULL),(11,1118,1,26,NULL,29,NULL),(11,1119,0,30,NULL,25,NULL),(11,1120,0,30,NULL,4,NULL),(11,1121,1,44,NULL,32,NULL),(11,1122,1,44,NULL,34,NULL),(11,1123,0,31,NULL,44,NULL),(11,1124,0,31,NULL,25,NULL),(11,1125,1,25,NULL,34,NULL),(11,1126,1,25,NULL,31,NULL),(11,1127,0,32,NULL,0,NULL),(11,1128,0,32,NULL,0,NULL),(11,1129,1,42,NULL,33,NULL),(11,1130,1,42,NULL,40,NULL),(11,1131,0,33,NULL,42,NULL),(11,1132,0,33,NULL,0,NULL),(11,1133,1,58,NULL,33,NULL),(11,1134,1,58,NULL,31,NULL),(11,1135,0,34,NULL,58,NULL),(11,1136,0,34,NULL,28,NULL),(11,1137,1,28,NULL,35,NULL),(11,1138,1,28,NULL,34,NULL),(11,1139,0,35,NULL,36,NULL),(11,1140,0,35,NULL,0,NULL),(11,1141,1,27,NULL,36,NULL),(11,1142,1,27,NULL,37,NULL),(11,1143,0,36,NULL,27,NULL),(11,1144,0,36,NULL,26,NULL),(11,1145,1,29,NULL,38,NULL),(11,1146,1,29,NULL,15,NULL),(11,1147,0,37,NULL,26,NULL),(11,1148,0,37,NULL,18,NULL),(11,1149,1,65,NULL,8,NULL),(11,1150,1,65,NULL,18,NULL),(11,1151,0,38,NULL,65,NULL),(11,1152,0,38,NULL,29,NULL),(11,1153,1,66,NULL,39,NULL),(11,1154,1,66,NULL,18,NULL),(11,1155,0,39,NULL,0,NULL),(11,1156,0,39,NULL,0,NULL),(11,1157,1,67,NULL,0,NULL),(11,1158,1,67,NULL,0,NULL),(11,1159,0,40,NULL,66,NULL),(11,1160,0,40,NULL,67,NULL),(12,1161,1,1,NULL,2,NULL),(12,1162,1,1,NULL,1,NULL),(12,1163,0,1,NULL,5,NULL),(12,1164,0,1,NULL,3,NULL),(12,1165,1,2,NULL,3,NULL),(12,1166,1,2,NULL,5,NULL),(12,1167,0,2,NULL,1,NULL),(12,1168,0,2,NULL,2,NULL),(12,1169,1,3,NULL,4,NULL),(12,1170,1,3,NULL,6,NULL),(12,1171,0,3,NULL,68,NULL),(12,1172,0,3,NULL,0,NULL),(12,1173,1,5,NULL,8,NULL),(12,1174,1,5,NULL,4,NULL),(12,1175,0,4,NULL,5,NULL),(12,1176,0,4,NULL,0,NULL),(12,1177,1,4,NULL,9,NULL),(12,1178,1,4,NULL,8,NULL),(12,1179,0,5,NULL,0,NULL),(12,1180,0,5,NULL,0,NULL),(12,1181,1,6,NULL,30,NULL),(12,1182,1,6,NULL,2,NULL),(12,1183,0,6,NULL,6,NULL),(12,1184,0,6,NULL,67,NULL),(12,1185,1,34,NULL,8,NULL),(12,1186,1,34,NULL,10,NULL),(12,1187,0,7,NULL,45,NULL),(12,1188,0,7,NULL,2,NULL),(12,1189,1,62,NULL,6,NULL),(12,1190,1,62,NULL,10,NULL),(12,1191,0,8,NULL,62,NULL),(12,1192,0,8,NULL,0,NULL),(12,1193,1,68,NULL,10,NULL),(12,1194,1,68,NULL,7,NULL),(12,1195,0,9,NULL,0,NULL),(12,1196,0,9,NULL,0,NULL),(12,1197,1,7,NULL,12,NULL),(12,1198,1,7,NULL,11,NULL),(12,1199,0,10,NULL,0,NULL),(12,1200,0,10,NULL,0,NULL),(12,1201,1,45,NULL,10,NULL),(12,1202,1,45,NULL,7,NULL),(12,1203,0,11,NULL,8,NULL),(12,1204,0,11,NULL,0,NULL),(12,1205,1,8,NULL,13,NULL),(12,1206,1,8,NULL,23,NULL),(12,1207,0,12,NULL,0,NULL),(12,1208,0,12,NULL,0,NULL),(12,1209,1,9,NULL,27,NULL),(12,1210,1,9,NULL,9,NULL),(12,1211,0,13,NULL,9,NULL),(12,1212,0,13,NULL,4,NULL),(12,1213,1,60,NULL,20,NULL),(12,1214,1,60,NULL,30,NULL),(12,1215,0,14,NULL,60,NULL),(12,1216,0,14,NULL,18,NULL),(12,1217,1,11,NULL,18,NULL),(12,1218,1,11,NULL,22,NULL),(12,1219,0,15,NULL,24,NULL),(12,1220,0,15,NULL,0,NULL),(12,1221,1,35,NULL,30,NULL),(12,1222,1,35,NULL,7,NULL),(12,1223,0,16,NULL,23,NULL),(12,1224,0,16,NULL,20,NULL),(12,1225,1,46,NULL,15,NULL),(12,1226,1,46,NULL,13,NULL),(12,1227,0,17,NULL,46,NULL),(12,1228,0,17,NULL,13,NULL),(12,1229,1,12,NULL,18,NULL),(12,1230,1,12,NULL,25,NULL),(12,1231,0,18,NULL,12,NULL),(12,1232,0,18,NULL,0,NULL),(12,1233,1,32,NULL,10,NULL),(12,1234,1,32,NULL,9,NULL),(12,1235,0,19,NULL,32,NULL),(12,1236,0,19,NULL,0,NULL),(12,1237,1,10,NULL,17,NULL),(12,1238,1,10,NULL,14,NULL),(12,1239,0,20,NULL,18,NULL),(12,1240,0,20,NULL,19,NULL),(12,1241,1,13,NULL,21,NULL),(12,1242,1,13,NULL,16,NULL),(12,1243,0,21,NULL,17,NULL),(12,1244,0,21,NULL,0,NULL),(12,1245,1,15,NULL,25,NULL),(12,1246,1,15,NULL,1,NULL),(12,1247,0,22,NULL,0,NULL),(12,1248,0,22,NULL,0,NULL),(12,1249,1,18,NULL,30,NULL),(12,1250,1,18,NULL,10,NULL),(12,1251,0,23,NULL,0,NULL),(12,1252,0,23,NULL,0,NULL),(12,1253,1,19,NULL,27,NULL),(12,1254,1,19,NULL,34,NULL),(12,1255,0,24,NULL,0,NULL),(12,1256,0,24,NULL,0,NULL),(12,1257,1,20,NULL,33,NULL),(12,1258,1,20,NULL,30,NULL),(12,1259,0,25,NULL,0,NULL),(12,1260,0,25,NULL,0,NULL),(12,1261,1,17,NULL,36,NULL),(12,1262,1,17,NULL,37,NULL),(12,1263,0,26,NULL,0,NULL),(12,1264,0,26,NULL,0,NULL),(12,1265,1,21,NULL,28,NULL),(12,1266,1,21,NULL,24,NULL),(12,1267,0,27,NULL,21,NULL),(12,1268,0,27,NULL,38,NULL),(12,1269,1,23,NULL,26,NULL),(12,1270,1,23,NULL,32,NULL),(12,1271,0,28,NULL,0,NULL),(12,1272,0,28,NULL,0,NULL),(12,1273,1,22,NULL,29,NULL),(12,1274,1,22,NULL,24,NULL),(12,1275,0,29,NULL,22,NULL),(12,1276,0,29,NULL,0,NULL),(12,1277,1,38,NULL,19,NULL),(12,1278,1,38,NULL,23,NULL),(12,1279,0,30,NULL,38,NULL),(12,1280,0,30,NULL,70,NULL),(12,1281,1,24,NULL,30,NULL),(12,1282,1,24,NULL,31,NULL),(12,1283,0,31,NULL,69,NULL),(12,1284,0,31,NULL,0,NULL),(12,1285,1,69,NULL,32,NULL),(12,1286,1,69,NULL,30,NULL),(12,1287,0,32,NULL,0,NULL),(12,1288,0,32,NULL,0,NULL),(12,1289,1,64,NULL,30,NULL),(12,1290,1,64,NULL,20,NULL),(12,1291,0,33,NULL,0,NULL),(12,1292,0,33,NULL,0,NULL),(12,1293,1,36,NULL,43,NULL),(12,1294,1,36,NULL,36,NULL),(12,1295,0,34,NULL,0,NULL),(12,1296,0,34,NULL,0,NULL),(12,1297,1,70,NULL,27,NULL),(12,1298,1,70,NULL,7,NULL),(12,1299,0,35,NULL,70,NULL),(12,1300,0,35,NULL,58,NULL),(12,1301,1,26,NULL,31,NULL),(12,1302,1,26,NULL,25,NULL),(12,1303,0,36,NULL,71,NULL),(12,1304,0,36,NULL,26,NULL),(12,1305,1,71,NULL,0,NULL),(12,1306,1,71,NULL,0,NULL),(12,1307,0,37,NULL,42,NULL),(12,1308,0,37,NULL,44,NULL),(12,1309,1,44,NULL,38,NULL),(12,1310,1,44,NULL,44,NULL),(12,1311,0,38,NULL,36,NULL),(12,1312,0,38,NULL,64,NULL),(12,1313,1,72,NULL,46,NULL),(12,1314,1,72,NULL,7,NULL),(12,1315,0,39,NULL,29,NULL),(12,1316,0,39,NULL,58,NULL),(12,1317,1,42,NULL,41,NULL),(12,1318,1,42,NULL,38,NULL),(12,1319,0,40,NULL,0,NULL),(12,1320,0,40,NULL,0,NULL),(12,1321,1,25,NULL,40,NULL),(12,1322,1,25,NULL,42,NULL),(12,1323,0,41,NULL,25,NULL),(12,1324,0,41,NULL,72,NULL),(12,1325,1,58,NULL,38,NULL),(12,1326,1,58,NULL,45,NULL),(12,1327,0,42,NULL,0,NULL),(12,1328,0,42,NULL,0,NULL),(12,1329,1,28,NULL,43,NULL),(12,1330,1,28,NULL,47,NULL),(12,1331,0,43,NULL,28,NULL),(12,1332,0,43,NULL,27,NULL),(12,1333,1,27,NULL,35,NULL),(12,1334,1,27,NULL,39,NULL),(12,1335,0,44,NULL,0,NULL),(12,1336,0,44,NULL,0,NULL),(12,1337,1,29,NULL,48,NULL),(12,1338,1,29,NULL,47,NULL),(12,1339,0,45,NULL,0,NULL),(12,1340,0,45,NULL,0,NULL),(12,1341,1,43,NULL,7,NULL),(12,1342,1,43,NULL,40,NULL),(12,1343,0,46,NULL,43,NULL),(12,1344,0,46,NULL,28,NULL),(12,1345,1,54,NULL,50,NULL),(12,1346,1,54,NULL,49,NULL),(12,1347,0,47,NULL,0,NULL),(12,1348,0,47,NULL,0,NULL),(12,1349,1,65,NULL,7,NULL),(12,1350,1,65,NULL,50,NULL),(12,1351,0,48,NULL,65,NULL),(12,1352,0,48,NULL,0,NULL),(12,1353,1,66,NULL,7,NULL),(12,1354,1,66,NULL,50,NULL),(12,1355,0,49,NULL,66,NULL),(12,1356,0,49,NULL,54,NULL),(12,1357,1,67,NULL,1,NULL),(12,1358,1,67,NULL,2,NULL),(12,1359,0,50,NULL,0,NULL),(12,1360,0,50,NULL,0,NULL),(13,1361,1,1,NULL,1,NULL),(13,1362,1,1,NULL,2,NULL),(13,1363,0,1,NULL,1,NULL),(13,1364,0,1,NULL,0,NULL),(13,1365,1,73,NULL,6,NULL),(13,1366,1,73,NULL,4,NULL),(13,1367,0,2,NULL,0,NULL),(13,1368,0,2,NULL,0,NULL),(13,1369,1,2,NULL,8,NULL),(13,1370,1,2,NULL,9,NULL),(13,1371,0,3,NULL,12,NULL),(13,1372,0,3,NULL,0,NULL),(13,1373,1,3,NULL,3,NULL),(13,1374,1,3,NULL,4,NULL),(13,1375,0,4,NULL,0,NULL),(13,1376,0,4,NULL,0,NULL),(13,1377,1,5,NULL,10,NULL),(13,1378,1,5,NULL,5,NULL),(13,1379,0,5,NULL,0,NULL),(13,1380,0,5,NULL,0,NULL),(13,1381,1,62,NULL,14,NULL),(13,1382,1,62,NULL,13,NULL),(13,1383,0,6,NULL,62,NULL),(13,1384,0,6,NULL,0,NULL),(13,1385,1,45,NULL,6,NULL),(13,1386,1,45,NULL,5,NULL),(13,1387,0,7,NULL,45,NULL),(13,1388,0,7,NULL,0,NULL),(13,1389,1,46,NULL,8,NULL),(13,1390,1,46,NULL,7,NULL),(13,1391,0,8,NULL,0,NULL),(13,1392,0,8,NULL,0,NULL),(13,1393,1,12,NULL,9,NULL),(13,1394,1,12,NULL,13,NULL),(13,1395,0,9,NULL,12,NULL),(13,1396,0,9,NULL,17,NULL),(13,1397,1,32,NULL,11,NULL),(13,1398,1,32,NULL,9,NULL),(13,1399,0,10,NULL,22,NULL),(13,1400,0,10,NULL,32,NULL),(13,1401,1,33,NULL,11,NULL),(13,1402,1,33,NULL,19,NULL),(13,1403,0,11,NULL,33,NULL),(13,1404,0,11,NULL,0,NULL),(13,1405,1,13,NULL,12,NULL),(13,1406,1,13,NULL,10,NULL),(13,1407,0,12,NULL,13,NULL),(13,1408,0,12,NULL,32,NULL),(13,1409,1,10,NULL,16,NULL),(13,1410,1,10,NULL,15,NULL),(13,1411,0,13,NULL,24,NULL),(13,1412,0,13,NULL,0,NULL),(13,1413,1,15,NULL,0,NULL),(13,1414,1,15,NULL,0,NULL),(13,1415,0,14,NULL,0,NULL),(13,1416,0,14,NULL,0,NULL),(13,1417,1,20,NULL,15,NULL),(13,1418,1,20,NULL,14,NULL),(13,1419,0,15,NULL,20,NULL),(13,1420,0,15,NULL,24,NULL),(13,1421,1,17,NULL,26,NULL),(13,1422,1,17,NULL,28,NULL),(13,1423,0,16,NULL,17,NULL),(13,1424,0,16,NULL,0,NULL),(13,1425,1,38,NULL,17,NULL),(13,1426,1,38,NULL,18,NULL),(13,1427,0,17,NULL,38,NULL),(13,1428,0,17,NULL,26,NULL),(13,1429,1,22,NULL,21,NULL),(13,1430,1,22,NULL,20,NULL),(13,1431,0,18,NULL,22,NULL),(13,1432,0,18,NULL,38,NULL),(13,1433,1,24,NULL,20,NULL),(13,1434,1,24,NULL,27,NULL),(13,1435,0,19,NULL,24,NULL),(13,1436,0,19,NULL,38,NULL),(13,1437,1,69,NULL,19,NULL),(13,1438,1,69,NULL,20,NULL),(13,1439,0,20,NULL,27,NULL),(13,1440,0,20,NULL,69,NULL),(13,1441,1,26,NULL,26,NULL),(13,1442,1,26,NULL,29,NULL),(13,1443,0,21,NULL,26,NULL),(13,1444,0,21,NULL,44,NULL),(13,1445,1,44,NULL,23,NULL),(13,1446,1,44,NULL,26,NULL),(13,1447,0,22,NULL,0,NULL),(13,1448,0,22,NULL,0,NULL),(13,1449,1,58,NULL,26,NULL),(13,1450,1,58,NULL,29,NULL),(13,1451,0,23,NULL,58,NULL),(13,1452,0,23,NULL,44,NULL),(13,1453,1,27,NULL,22,NULL),(13,1454,1,27,NULL,24,NULL),(13,1455,0,24,NULL,44,NULL),(13,1456,0,24,NULL,0,NULL),(13,1457,1,28,NULL,25,NULL),(13,1458,1,28,NULL,24,NULL),(13,1459,0,25,NULL,0,NULL),(13,1460,0,25,NULL,0,NULL),(13,1461,1,29,NULL,30,NULL),(13,1462,1,29,NULL,26,NULL),(13,1463,0,26,NULL,0,NULL),(13,1464,0,26,NULL,0,NULL),(13,1465,1,54,NULL,30,NULL),(13,1466,1,54,NULL,26,NULL),(13,1467,0,27,NULL,44,NULL),(13,1468,0,27,NULL,54,NULL),(13,1469,1,65,NULL,30,NULL),(13,1470,1,65,NULL,10,NULL),(13,1471,0,28,NULL,29,NULL),(13,1472,0,28,NULL,0,NULL),(13,1473,1,66,NULL,3,NULL),(13,1474,1,66,NULL,10,NULL),(13,1475,0,29,NULL,0,NULL),(13,1476,0,29,NULL,0,NULL),(13,1477,1,67,NULL,1,NULL),(13,1478,1,67,NULL,2,NULL),(13,1479,0,30,NULL,67,NULL),(13,1480,0,30,NULL,66,NULL),(14,1481,1,1,NULL,1,NULL),(14,1482,1,1,NULL,2,NULL),(14,1483,0,1,NULL,73,NULL),(14,1484,0,1,NULL,1,NULL),(14,1485,1,73,NULL,0,NULL),(14,1486,1,73,NULL,0,NULL),(14,1487,0,2,NULL,2,NULL),(14,1488,0,2,NULL,3,NULL),(14,1489,1,2,NULL,5,NULL),(14,1490,1,2,NULL,4,NULL),(14,1491,0,3,NULL,3,NULL),(14,1492,0,3,NULL,62,NULL),(14,1493,1,3,NULL,14,NULL),(14,1494,1,3,NULL,10,NULL),(14,1495,0,4,NULL,62,NULL),(14,1496,0,4,NULL,5,NULL),(14,1497,1,5,NULL,11,NULL),(14,1498,1,5,NULL,2,NULL),(14,1499,0,5,NULL,45,NULL),(14,1500,0,5,NULL,5,NULL),(14,1501,1,62,NULL,6,NULL),(14,1502,1,62,NULL,9,NULL),(14,1503,0,6,NULL,8,NULL),(14,1504,0,6,NULL,60,NULL),(14,1505,1,45,NULL,7,NULL),(14,1506,1,45,NULL,8,NULL),(14,1507,0,7,NULL,12,NULL),(14,1508,0,7,NULL,22,NULL),(14,1509,1,8,NULL,14,NULL),(14,1510,1,8,NULL,13,NULL),(14,1511,0,8,NULL,62,NULL),(14,1512,0,8,NULL,3,NULL),(14,1513,1,35,NULL,10,NULL),(14,1514,1,35,NULL,18,NULL),(14,1515,0,9,NULL,35,NULL),(14,1516,0,9,NULL,45,NULL),(14,1517,1,9,NULL,20,NULL),(14,1518,1,9,NULL,22,NULL),(14,1519,0,10,NULL,32,NULL),(14,1520,0,10,NULL,38,NULL),(14,1521,1,60,NULL,19,NULL),(14,1522,1,60,NULL,16,NULL),(14,1523,0,11,NULL,9,NULL),(14,1524,0,11,NULL,32,NULL),(14,1525,1,12,NULL,17,NULL),(14,1526,1,12,NULL,24,NULL),(14,1527,0,12,NULL,18,NULL),(14,1528,0,12,NULL,62,NULL),(14,1529,1,32,NULL,16,NULL),(14,1530,1,32,NULL,15,NULL),(14,1531,0,13,NULL,13,NULL),(14,1532,0,13,NULL,10,NULL),(14,1533,1,13,NULL,14,NULL),(14,1534,1,13,NULL,12,NULL),(14,1535,0,14,NULL,24,NULL),(14,1536,0,14,NULL,22,NULL),(14,1537,1,10,NULL,17,NULL),(14,1538,1,10,NULL,20,NULL),(14,1539,0,15,NULL,69,NULL),(14,1540,0,15,NULL,22,NULL),(14,1541,1,18,NULL,19,NULL),(14,1542,1,18,NULL,22,NULL),(14,1543,0,16,NULL,20,NULL),(14,1544,0,16,NULL,38,NULL),(14,1545,1,20,NULL,18,NULL),(14,1546,1,20,NULL,28,NULL),(14,1547,0,17,NULL,10,NULL),(14,1548,0,17,NULL,0,NULL),(14,1549,1,17,NULL,25,NULL),(14,1550,1,17,NULL,20,NULL),(14,1551,0,18,NULL,17,NULL),(14,1552,0,18,NULL,22,NULL),(14,1553,1,38,NULL,18,NULL),(14,1554,1,38,NULL,13,NULL),(14,1555,0,19,NULL,5,NULL),(14,1556,0,19,NULL,38,NULL),(14,1557,1,22,NULL,23,NULL),(14,1558,1,22,NULL,21,NULL),(14,1559,0,20,NULL,17,NULL),(14,1560,0,20,NULL,45,NULL),(14,1561,1,24,NULL,26,NULL),(14,1562,1,24,NULL,27,NULL),(14,1563,0,21,NULL,22,NULL),(14,1564,0,21,NULL,17,NULL),(14,1565,1,69,NULL,18,NULL),(14,1566,1,69,NULL,21,NULL),(14,1567,0,22,NULL,69,NULL),(14,1568,0,22,NULL,24,NULL),(14,1569,1,26,NULL,24,NULL),(14,1570,1,26,NULL,23,NULL),(14,1571,0,23,NULL,26,NULL),(14,1572,0,23,NULL,17,NULL),(14,1573,1,44,NULL,25,NULL),(14,1574,1,44,NULL,29,NULL),(14,1575,0,24,NULL,26,NULL),(14,1576,0,24,NULL,45,NULL),(14,1577,1,58,NULL,26,NULL),(14,1578,1,58,NULL,27,NULL),(14,1579,0,25,NULL,58,NULL),(14,1580,0,25,NULL,44,NULL),(14,1581,1,27,NULL,24,NULL),(14,1582,1,27,NULL,6,NULL),(14,1583,0,26,NULL,44,NULL),(14,1584,0,26,NULL,2,NULL),(14,1585,1,28,NULL,27,NULL),(14,1586,1,28,NULL,28,NULL),(14,1587,0,27,NULL,44,NULL),(14,1588,0,27,NULL,0,NULL),(14,1589,1,29,NULL,24,NULL),(14,1590,1,29,NULL,13,NULL),(14,1591,0,28,NULL,27,NULL),(14,1592,0,28,NULL,28,NULL),(14,1593,1,54,NULL,30,NULL),(14,1594,1,54,NULL,8,NULL),(14,1595,0,29,NULL,29,NULL),(14,1596,0,29,NULL,54,NULL),(14,1597,1,67,NULL,6,NULL),(14,1598,1,67,NULL,8,NULL),(14,1599,0,30,NULL,67,NULL),(14,1600,0,30,NULL,45,NULL),(15,1601,1,1,NULL,1,NULL),(15,1602,1,1,NULL,3,NULL),(15,1603,0,1,NULL,2,NULL),(15,1604,0,1,NULL,3,NULL),(15,1605,1,2,NULL,2,NULL),(15,1606,1,2,NULL,4,NULL),(15,1607,0,2,NULL,3,NULL),(15,1608,0,2,NULL,5,NULL),(15,1609,1,3,NULL,6,NULL),(15,1610,1,3,NULL,9,NULL),(15,1611,0,3,NULL,5,NULL),(15,1612,0,3,NULL,62,NULL),(15,1613,1,5,NULL,5,NULL),(15,1614,1,5,NULL,8,NULL),(15,1615,0,4,NULL,4,NULL),(15,1616,0,4,NULL,7,NULL),(15,1617,1,4,NULL,7,NULL),(15,1618,1,4,NULL,6,NULL),(15,1619,0,5,NULL,62,NULL),(15,1620,0,5,NULL,8,NULL),(15,1621,1,62,NULL,8,NULL),(15,1622,1,62,NULL,11,NULL),(15,1623,0,6,NULL,7,NULL),(15,1624,0,6,NULL,15,NULL),(15,1625,1,7,NULL,9,NULL),(15,1626,1,7,NULL,10,NULL),(15,1627,0,7,NULL,45,NULL),(15,1628,0,7,NULL,38,NULL),(15,1629,1,45,NULL,8,NULL),(15,1630,1,45,NULL,12,NULL),(15,1631,0,8,NULL,8,NULL),(15,1632,0,8,NULL,15,NULL),(15,1633,1,8,NULL,16,NULL),(15,1634,1,8,NULL,13,NULL),(15,1635,0,9,NULL,60,NULL),(15,1636,0,9,NULL,20,NULL),(15,1637,1,60,NULL,10,NULL),(15,1638,1,60,NULL,13,NULL),(15,1639,0,10,NULL,12,NULL),(15,1640,0,10,NULL,17,NULL),(15,1641,1,12,NULL,16,NULL),(15,1642,1,12,NULL,14,NULL),(15,1643,0,11,NULL,15,NULL),(15,1644,0,11,NULL,0,NULL),(15,1645,1,15,NULL,16,NULL),(15,1646,1,15,NULL,14,NULL),(15,1647,0,12,NULL,20,NULL),(15,1648,0,12,NULL,0,NULL),(15,1649,1,20,NULL,16,NULL),(15,1650,1,20,NULL,20,NULL),(15,1651,0,13,NULL,17,NULL),(15,1652,0,13,NULL,69,NULL),(15,1653,1,17,NULL,23,NULL),(15,1654,1,17,NULL,27,NULL),(15,1655,0,14,NULL,21,NULL),(15,1656,0,14,NULL,38,NULL),(15,1657,1,21,NULL,15,NULL),(15,1658,1,21,NULL,16,NULL),(15,1659,0,15,NULL,23,NULL),(15,1660,0,15,NULL,38,NULL),(15,1661,1,23,NULL,24,NULL),(15,1662,1,23,NULL,23,NULL),(15,1663,0,16,NULL,38,NULL),(15,1664,0,16,NULL,22,NULL),(15,1665,1,38,NULL,17,NULL),(15,1666,1,38,NULL,18,NULL),(15,1667,0,17,NULL,22,NULL),(15,1668,0,17,NULL,38,NULL),(15,1669,1,22,NULL,19,NULL),(15,1670,1,22,NULL,13,NULL),(15,1671,0,18,NULL,24,NULL),(15,1672,0,18,NULL,26,NULL),(15,1673,1,24,NULL,25,NULL),(15,1674,1,24,NULL,28,NULL),(15,1675,0,19,NULL,69,NULL),(15,1676,0,19,NULL,20,NULL),(15,1677,1,69,NULL,14,NULL),(15,1678,1,69,NULL,16,NULL),(15,1679,0,20,NULL,26,NULL),(15,1680,0,20,NULL,44,NULL),(15,1681,1,26,NULL,21,NULL),(15,1682,1,26,NULL,25,NULL),(15,1683,0,21,NULL,69,NULL),(15,1684,0,21,NULL,0,NULL),(15,1685,1,44,NULL,22,NULL),(15,1686,1,44,NULL,23,NULL),(15,1687,0,22,NULL,44,NULL),(15,1688,0,22,NULL,38,NULL),(15,1689,1,58,NULL,23,NULL),(15,1690,1,58,NULL,24,NULL),(15,1691,0,23,NULL,28,NULL),(15,1692,0,23,NULL,58,NULL),(15,1693,1,28,NULL,26,NULL),(15,1694,1,28,NULL,27,NULL),(15,1695,0,24,NULL,0,NULL),(15,1696,0,24,NULL,0,NULL),(15,1697,1,29,NULL,28,NULL),(15,1698,1,29,NULL,12,NULL),(15,1699,0,25,NULL,58,NULL),(15,1700,0,25,NULL,29,NULL),(15,1701,1,43,NULL,26,NULL),(15,1702,1,43,NULL,12,NULL),(15,1703,0,26,NULL,43,NULL),(15,1704,0,26,NULL,0,NULL),(15,1705,1,54,NULL,29,NULL),(15,1706,1,54,NULL,30,NULL),(15,1707,0,27,NULL,66,NULL),(15,1708,0,27,NULL,65,NULL),(15,1709,1,66,NULL,12,NULL),(15,1710,1,66,NULL,14,NULL),(15,1711,0,28,NULL,54,NULL),(15,1712,0,28,NULL,44,NULL),(15,1713,1,65,NULL,12,NULL),(15,1714,1,65,NULL,14,NULL),(15,1715,0,29,NULL,44,NULL),(15,1716,0,29,NULL,66,NULL),(15,1717,1,67,NULL,12,NULL),(15,1718,1,67,NULL,14,NULL),(15,1719,0,30,NULL,67,NULL),(15,1720,0,30,NULL,65,NULL),(17,1881,1,1,NULL,1,NULL),(17,1882,1,1,NULL,2,NULL),(17,1883,0,1,NULL,2,NULL),(17,1884,0,1,NULL,1,NULL),(17,1885,1,2,NULL,4,NULL),(17,1886,1,2,NULL,3,NULL),(17,1887,0,2,NULL,3,NULL),(17,1888,0,2,NULL,7,NULL),(17,1889,1,3,NULL,5,NULL),(17,1890,1,3,NULL,6,NULL),(17,1891,0,3,NULL,6,NULL),(17,1892,0,3,NULL,5,NULL),(17,1893,1,5,NULL,9,NULL),(17,1894,1,5,NULL,7,NULL),(17,1895,0,4,NULL,32,NULL),(17,1896,0,4,NULL,11,NULL),(17,1897,1,4,NULL,8,NULL),(17,1898,1,4,NULL,9,NULL),(17,1899,0,5,NULL,62,NULL),(17,1900,0,5,NULL,4,NULL),(17,1901,1,6,NULL,12,NULL),(17,1902,1,6,NULL,19,NULL),(17,1903,0,6,NULL,60,NULL),(17,1904,0,6,NULL,20,NULL),(17,1905,1,62,NULL,12,NULL),(17,1906,1,62,NULL,10,NULL),(17,1907,0,7,NULL,11,NULL),(17,1908,0,7,NULL,20,NULL),(17,1909,1,7,NULL,12,NULL),(17,1910,1,7,NULL,10,NULL),(17,1911,0,8,NULL,35,NULL),(17,1912,0,8,NULL,12,NULL),(17,1913,1,45,NULL,13,NULL),(17,1914,1,45,NULL,10,NULL),(17,1915,0,9,NULL,17,NULL),(17,1916,0,9,NULL,0,NULL),(17,1917,1,8,NULL,18,NULL),(17,1918,1,8,NULL,21,NULL),(17,1919,0,10,NULL,8,NULL),(17,1920,0,10,NULL,60,NULL),(17,1921,1,35,NULL,23,NULL),(17,1922,1,35,NULL,20,NULL),(17,1923,0,11,NULL,13,NULL),(17,1924,0,11,NULL,46,NULL),(17,1925,1,60,NULL,21,NULL),(17,1926,1,60,NULL,22,NULL),(17,1927,0,12,NULL,23,NULL),(17,1928,0,12,NULL,22,NULL),(17,1929,1,74,NULL,25,NULL),(17,1930,1,74,NULL,24,NULL),(17,1931,0,13,NULL,32,NULL),(17,1932,0,13,NULL,15,NULL),(17,1933,1,11,NULL,21,NULL),(17,1934,1,11,NULL,20,NULL),(17,1935,0,14,NULL,23,NULL),(17,1936,0,14,NULL,15,NULL),(17,1937,1,46,NULL,16,NULL),(17,1938,1,46,NULL,24,NULL),(17,1939,0,15,NULL,23,NULL),(17,1940,0,15,NULL,17,NULL),(17,1941,1,10,NULL,14,NULL),(17,1942,1,10,NULL,13,NULL),(17,1943,0,16,NULL,26,NULL),(17,1944,0,16,NULL,22,NULL),(17,1945,1,32,NULL,21,NULL),(17,1946,1,32,NULL,20,NULL),(17,1947,0,17,NULL,17,NULL),(17,1948,0,17,NULL,20,NULL),(17,1949,1,12,NULL,18,NULL),(17,1950,1,12,NULL,20,NULL),(17,1951,0,18,NULL,69,NULL),(17,1952,0,18,NULL,23,NULL),(17,1953,1,13,NULL,17,NULL),(17,1954,1,13,NULL,15,NULL),(17,1955,0,19,NULL,0,NULL),(17,1956,0,19,NULL,0,NULL),(17,1957,1,15,NULL,24,NULL),(17,1958,1,15,NULL,21,NULL),(17,1959,0,20,NULL,38,NULL),(17,1960,0,20,NULL,44,NULL),(17,1961,1,20,NULL,26,NULL),(17,1962,1,20,NULL,24,NULL),(17,1963,0,21,NULL,17,NULL),(17,1964,0,21,NULL,0,NULL),(17,1965,1,17,NULL,23,NULL),(17,1966,1,17,NULL,25,NULL),(17,1967,0,22,NULL,23,NULL),(17,1968,0,22,NULL,24,NULL),(17,1969,1,23,NULL,16,NULL),(17,1970,1,23,NULL,19,NULL),(17,1971,0,23,NULL,44,NULL),(17,1972,0,23,NULL,69,NULL),(17,1973,1,38,NULL,20,NULL),(17,1974,1,38,NULL,25,NULL),(17,1975,0,24,NULL,69,NULL),(17,1976,0,24,NULL,38,NULL),(17,1977,1,22,NULL,25,NULL),(17,1978,1,22,NULL,24,NULL),(17,1979,0,25,NULL,23,NULL),(17,1980,0,25,NULL,20,NULL),(17,1981,1,24,NULL,28,NULL),(17,1982,1,24,NULL,36,NULL),(17,1983,0,26,NULL,25,NULL),(17,1984,0,26,NULL,4,NULL),(17,1985,1,69,NULL,24,NULL),(17,1986,1,69,NULL,25,NULL),(17,1987,0,27,NULL,69,NULL),(17,1988,0,27,NULL,1,NULL),(17,1989,1,64,NULL,30,NULL),(17,1990,1,64,NULL,25,NULL),(17,1991,0,28,NULL,74,NULL),(17,1992,0,28,NULL,10,NULL),(17,1993,1,70,NULL,12,NULL),(17,1994,1,70,NULL,11,NULL),(17,1995,0,29,NULL,29,NULL),(17,1996,0,29,NULL,65,NULL),(17,1997,1,26,NULL,27,NULL),(17,1998,1,26,NULL,25,NULL),(17,1999,0,30,NULL,5,NULL),(17,2000,0,30,NULL,58,NULL),(17,2001,1,44,NULL,31,NULL),(17,2002,1,44,NULL,29,NULL),(17,2003,0,31,NULL,20,NULL),(17,2004,0,31,NULL,44,NULL),(17,2005,1,25,NULL,33,NULL),(17,2006,1,25,NULL,32,NULL),(17,2007,0,32,NULL,70,NULL),(17,2008,0,32,NULL,64,NULL),(17,2009,1,58,NULL,30,NULL),(17,2010,1,58,NULL,34,NULL),(17,2011,0,33,NULL,58,NULL),(17,2012,0,33,NULL,28,NULL),(17,2013,1,28,NULL,32,NULL),(17,2014,1,28,NULL,37,NULL),(17,2015,0,34,NULL,24,NULL),(17,2016,0,34,NULL,38,NULL),(17,2017,1,29,NULL,39,NULL),(17,2018,1,29,NULL,10,NULL),(17,2019,0,35,NULL,43,NULL),(17,2020,0,35,NULL,54,NULL),(17,2021,1,43,NULL,35,NULL),(17,2022,1,43,NULL,38,NULL),(17,2023,0,36,NULL,45,NULL),(17,2024,0,36,NULL,10,NULL),(17,2025,1,54,NULL,11,NULL),(17,2026,1,54,NULL,39,NULL),(17,2027,0,37,NULL,0,NULL),(17,2028,0,37,NULL,0,NULL),(17,2029,1,65,NULL,1,NULL),(17,2030,1,65,NULL,2,NULL),(17,2031,0,38,NULL,20,NULL),(17,2032,0,38,NULL,23,NULL),(17,2033,1,66,NULL,3,NULL),(17,2034,1,66,NULL,4,NULL),(17,2035,0,39,NULL,67,NULL),(17,2036,0,39,NULL,66,NULL),(17,2037,1,67,NULL,40,NULL),(17,2038,1,67,NULL,37,NULL),(17,2039,0,40,NULL,2,NULL),(17,2040,0,40,NULL,3,NULL),(18,2041,1,1,NULL,1,11),(18,2042,1,1,NULL,2,10),(18,2043,0,1,10,2,10),(18,2044,0,1,NULL,0,NULL),(18,2045,1,2,NULL,1,11),(18,2046,1,2,NULL,2,10),(18,2047,0,2,10,2,10),(18,2048,0,2,10,5,10),(18,2049,1,3,NULL,40,8),(18,2050,1,3,NULL,1,11),(18,2051,0,3,10,3,10),(18,2052,0,3,NULL,0,NULL),(18,2053,1,5,NULL,1,11),(18,2054,1,5,NULL,2,10),(18,2055,0,4,10,5,10),(18,2056,0,4,9,18,9),(18,2057,1,4,NULL,3,10),(18,2058,1,4,NULL,2,10),(18,2059,0,5,10,4,10),(18,2060,0,5,9,9,9),(18,2061,1,6,NULL,2,10),(18,2062,1,6,NULL,6,10),(18,2063,0,6,NULL,0,NULL),(18,2064,0,6,NULL,0,NULL),(18,2065,1,62,NULL,7,10),(18,2066,1,62,NULL,5,10),(18,2067,0,7,10,45,NULL),(18,2068,0,7,9,74,NULL),(18,2069,1,7,NULL,1,11),(18,2070,1,7,NULL,2,10),(18,2071,0,8,10,7,10),(18,2072,0,8,10,5,10),(18,2073,1,45,NULL,2,10),(18,2074,1,45,NULL,1,11),(18,2075,0,9,NULL,0,NULL),(18,2076,0,9,NULL,0,NULL),(18,2077,1,9,NULL,9,9),(18,2078,1,9,NULL,4,10),(18,2079,0,10,11,1,11),(18,2080,0,10,10,62,NULL),(18,2081,1,60,NULL,16,9),(18,2082,1,60,NULL,17,9),(18,2083,0,11,9,60,NULL),(18,2084,0,11,NULL,0,NULL),(18,2085,1,74,NULL,29,9),(18,2086,1,74,NULL,1,11),(18,2087,0,12,NULL,0,NULL),(18,2088,0,12,NULL,0,NULL),(18,2089,1,11,NULL,13,9),(18,2090,1,11,NULL,2,10),(18,2091,0,13,9,11,10),(18,2092,0,13,9,46,NULL),(18,2093,1,46,NULL,18,9),(18,2094,1,46,NULL,19,9),(18,2095,0,14,8,28,9),(18,2096,0,14,6,65,NULL),(18,2097,1,32,NULL,15,9),(18,2098,1,32,NULL,1,11),(18,2099,0,15,9,32,9),(18,2100,0,15,NULL,0,NULL),(18,2101,1,10,NULL,1,11),(18,2102,1,10,NULL,28,9),(18,2103,0,16,9,10,11),(18,2104,0,16,9,13,9),(18,2105,1,13,NULL,23,9),(18,2106,1,13,NULL,1,11),(18,2107,0,17,NULL,0,NULL),(18,2108,0,17,NULL,0,NULL),(18,2109,1,18,NULL,8,10),(18,2110,1,18,NULL,11,10),(18,2111,0,18,NULL,0,NULL),(18,2112,0,18,NULL,0,NULL),(18,2113,1,15,NULL,1,11),(18,2114,1,15,NULL,0,NULL),(18,2115,0,19,9,15,9),(18,2116,0,19,10,6,10),(18,2117,1,20,NULL,9,9),(18,2118,1,20,NULL,20,9),(18,2119,0,20,9,20,9),(18,2120,0,20,9,60,NULL),(18,2121,1,21,NULL,21,9),(18,2122,1,21,NULL,1,11),(18,2123,0,21,9,21,9),(18,2124,0,21,NULL,0,NULL),(18,2125,1,17,NULL,22,9),(18,2126,1,17,NULL,20,9),(18,2127,0,22,9,17,9),(18,2128,0,22,9,21,9),(18,2129,1,38,NULL,1,11),(18,2130,1,38,NULL,2,10),(18,2131,0,23,9,38,8),(18,2132,0,23,9,24,9),(18,2133,1,22,NULL,24,9),(18,2134,1,22,NULL,1,11),(18,2135,0,24,9,22,9),(18,2136,0,24,9,70,NULL),(18,2137,1,24,NULL,25,9),(18,2138,1,24,NULL,26,9),(18,2139,0,25,9,24,9),(18,2140,0,25,9,69,NULL),(18,2141,1,64,NULL,32,9),(18,2142,1,64,NULL,1,11),(18,2143,0,26,9,64,NULL),(18,2144,0,26,9,74,NULL),(18,2145,1,69,NULL,27,9),(18,2146,1,69,NULL,1,11),(18,2147,0,27,9,69,NULL),(18,2148,0,27,9,70,NULL),(18,2149,1,70,NULL,35,8),(18,2150,1,70,NULL,1,11),(18,2151,0,28,9,70,NULL),(18,2152,0,28,9,69,NULL),(18,2153,1,36,NULL,0,NULL),(18,2154,1,36,NULL,0,NULL),(18,2155,0,29,NULL,0,NULL),(18,2156,0,29,NULL,0,NULL),(18,2157,1,26,NULL,30,9),(18,2158,1,26,NULL,1,11),(18,2159,0,30,9,26,9),(18,2160,0,30,8,58,NULL),(18,2161,1,25,NULL,10,11),(18,2162,1,25,NULL,31,9),(18,2163,0,31,NULL,0,NULL),(18,2164,0,31,NULL,0,NULL),(18,2165,1,42,NULL,37,8),(18,2166,1,42,NULL,38,8),(18,2167,0,32,8,42,NULL),(18,2168,0,32,10,3,10),(18,2169,1,58,NULL,12,9),(18,2170,1,58,NULL,2,10),(18,2171,0,33,8,25,9),(18,2172,0,33,NULL,0,NULL),(18,2173,1,28,NULL,33,9),(18,2174,1,28,NULL,34,8),(18,2175,0,34,6,67,NULL),(18,2176,0,34,9,36,8),(18,2177,1,29,NULL,40,8),(18,2178,1,29,NULL,39,8),(18,2179,0,35,7,29,9),(18,2180,0,35,9,74,NULL),(18,2181,1,43,NULL,36,8),(18,2182,1,43,NULL,14,9),(18,2183,0,36,8,43,NULL),(18,2184,0,36,9,74,NULL),(18,2185,1,54,NULL,1,11),(18,2186,1,54,NULL,2,10),(18,2187,0,37,7,54,NULL),(18,2188,0,37,8,58,NULL),(18,2189,1,65,NULL,40,8),(18,2190,1,65,NULL,1,11),(18,2191,0,38,NULL,0,NULL),(18,2192,0,38,NULL,0,NULL),(18,2193,1,66,NULL,40,8),(18,2194,1,66,NULL,1,11),(18,2195,0,39,6,66,NULL),(18,2196,0,39,10,6,10),(18,2197,1,67,NULL,1,11),(18,2198,1,67,NULL,3,10),(18,2199,0,40,NULL,0,NULL),(18,2200,0,40,NULL,6,NULL),(19,2201,1,1,NULL,1,11),(19,2202,1,1,NULL,2,11),(19,2203,0,1,10,34,NULL),(19,2204,0,1,10,7,NULL),(19,2205,1,5,NULL,5,10),(19,2206,1,5,NULL,0,NULL),(19,2207,0,2,NULL,0,NULL),(19,2208,0,2,NULL,0,NULL),(19,2209,1,4,NULL,6,10),(19,2210,1,4,NULL,3,10),(19,2211,0,3,10,5,NULL),(19,2212,0,3,NULL,0,NULL),(19,2213,1,6,NULL,4,10),(19,2214,1,6,NULL,9,10),(19,2215,0,4,10,4,NULL),(19,2216,0,4,10,6,NULL),(19,2217,1,34,NULL,6,10),(19,2218,1,34,NULL,17,9),(19,2219,0,5,9,60,NULL),(19,2220,0,5,9,46,NULL),(19,2221,1,7,NULL,13,9),(19,2222,1,7,NULL,7,10),(19,2223,0,6,9,11,NULL),(19,2224,0,6,10,45,NULL),(19,2225,1,62,NULL,9,10),(19,2226,1,62,NULL,20,9),(19,2227,0,7,NULL,0,NULL),(19,2228,0,7,NULL,0,NULL),(19,2229,1,45,NULL,8,10),(19,2230,1,45,NULL,9,10),(19,2231,0,8,9,10,NULL),(19,2232,0,8,9,32,NULL),(19,2233,1,60,NULL,13,9),(19,2234,1,60,NULL,16,9),(19,2235,0,9,9,13,NULL),(19,2236,0,9,9,26,NULL),(19,2237,1,46,NULL,10,9),(19,2238,1,46,NULL,13,9),(19,2239,0,10,NULL,0,NULL),(19,2240,0,10,NULL,0,NULL),(19,2241,1,11,NULL,21,9),(19,2242,1,11,NULL,13,9),(19,2243,0,11,9,20,NULL),(19,2244,0,11,NULL,0,NULL),(19,2245,1,32,NULL,12,9),(19,2246,1,32,NULL,11,10),(19,2247,0,12,NULL,0,NULL),(19,2248,0,12,NULL,0,NULL),(19,2249,1,10,NULL,9,10),(19,2250,1,10,NULL,20,9),(19,2251,0,13,9,38,NULL),(19,2252,0,13,9,69,NULL),(19,2253,1,13,NULL,14,9),(19,2254,1,13,NULL,13,9),(19,2255,0,14,NULL,0,NULL),(19,2256,0,14,NULL,0,NULL),(19,2257,1,20,NULL,15,9),(19,2258,1,20,NULL,16,9),(19,2259,0,15,9,24,NULL),(19,2260,0,15,9,17,NULL),(19,2261,1,21,NULL,19,9),(19,2262,1,21,NULL,5,10),(19,2263,0,16,9,21,NULL),(19,2264,0,16,9,69,NULL),(19,2265,1,17,NULL,17,9),(19,2266,1,17,NULL,24,9),(19,2267,0,17,9,17,NULL),(19,2268,0,17,8,25,NULL),(19,2269,1,38,NULL,18,10),(19,2270,1,38,NULL,17,9),(19,2271,0,18,9,26,NULL),(19,2272,0,18,8,25,NULL),(19,2273,1,24,NULL,19,9),(19,2274,1,24,NULL,20,9),(19,2275,0,19,9,69,NULL),(19,2276,0,19,9,22,NULL),(19,2277,1,22,NULL,5,10),(19,2278,1,22,NULL,0,NULL),(19,2279,0,20,9,44,NULL),(19,2280,0,20,9,69,NULL),(19,2281,1,64,NULL,22,9),(19,2282,1,64,NULL,20,9),(19,2283,0,21,9,17,NULL),(19,2284,0,21,9,32,NULL),(19,2285,1,69,NULL,28,9),(19,2286,1,69,NULL,0,NULL),(19,2287,0,22,9,64,NULL),(19,2288,0,22,9,22,NULL),(19,2289,1,26,NULL,25,10),(19,2290,1,26,NULL,2,11),(19,2291,0,23,9,22,NULL),(19,2292,0,23,9,64,NULL),(19,2293,1,44,NULL,24,9),(19,2294,1,44,NULL,27,8),(19,2295,0,24,NULL,0,NULL),(19,2296,0,24,NULL,0,NULL),(19,2297,1,25,NULL,25,10),(19,2298,1,25,NULL,26,8),(19,2299,0,25,NULL,0,NULL),(19,2300,0,25,NULL,0,NULL),(19,2301,1,58,NULL,25,10),(19,2302,1,58,NULL,24,9),(19,2303,0,26,8,43,NULL),(19,2304,0,26,7,29,NULL),(19,2305,1,28,NULL,27,8),(19,2306,1,28,NULL,28,9),(19,2307,0,27,8,25,NULL),(19,2308,0,27,8,28,NULL),(19,2309,1,27,NULL,23,9),(19,2310,1,27,NULL,22,9),(19,2311,0,28,9,27,NULL),(19,2312,0,28,8,58,NULL),(19,2313,1,29,NULL,29,7),(19,2314,1,29,NULL,9,10),(19,2315,0,29,8,43,NULL),(19,2316,0,29,7,29,NULL),(19,2317,1,43,NULL,30,6),(19,2318,1,43,NULL,28,9),(19,2319,0,30,8,43,NULL),(19,2320,0,30,NULL,0,NULL),(20,2321,1,1,NULL,1,11),(20,2322,1,1,NULL,2,11),(20,2323,0,1,10,2,NULL),(20,2324,0,1,11,1,NULL),(20,2325,1,2,NULL,5,10),(20,2326,1,2,NULL,1,11),(20,2327,0,2,10,5,NULL),(20,2328,0,2,NULL,0,NULL),(20,2329,1,3,NULL,3,10),(20,2330,1,3,NULL,4,10),(20,2331,0,3,10,6,NULL),(20,2332,0,3,10,3,NULL),(20,2333,1,5,NULL,16,9),(20,2334,1,5,NULL,5,10),(20,2335,0,4,10,62,NULL),(20,2336,0,4,10,7,NULL),(20,2337,1,4,NULL,4,10),(20,2338,1,4,NULL,7,10),(20,2339,0,5,9,8,NULL),(20,2340,0,5,10,45,NULL),(20,2341,1,6,NULL,6,10),(20,2342,1,6,NULL,15,9),(20,2343,0,6,10,4,NULL),(20,2344,0,6,10,3,NULL),(20,2345,1,7,NULL,7,10),(20,2346,1,7,NULL,9,9),(20,2347,0,7,9,11,NULL),(20,2348,0,7,NULL,0,NULL),(20,2349,1,62,NULL,11,9),(20,2350,1,62,NULL,13,9),(20,2351,0,8,9,60,NULL),(20,2352,0,8,9,9,NULL),(20,2353,1,45,NULL,8,10),(20,2354,1,45,NULL,10,9),(20,2355,0,9,9,15,NULL),(20,2356,0,9,9,60,NULL),(20,2357,1,8,NULL,18,9),(20,2358,1,8,NULL,21,9),(20,2359,0,10,NULL,0,NULL),(20,2360,0,10,NULL,0,NULL),(20,2361,1,9,NULL,17,9),(20,2362,1,9,NULL,20,9),(20,2363,0,11,9,21,NULL),(20,2364,0,11,9,17,NULL),(20,2365,1,60,NULL,15,9),(20,2366,1,60,NULL,13,9),(20,2367,0,12,9,41,NULL),(20,2368,0,12,9,60,NULL),(20,2369,1,11,NULL,23,9),(20,2370,1,11,NULL,20,9),(20,2371,0,13,9,10,NULL),(20,2372,0,13,9,13,NULL),(20,2373,1,10,NULL,12,9),(20,2374,1,10,NULL,11,9),(20,2375,0,14,9,21,NULL),(20,2376,0,14,NULL,0,NULL),(20,2377,1,13,NULL,14,9),(20,2378,1,13,NULL,13,9),(20,2379,0,15,9,20,NULL),(20,2380,0,15,9,14,NULL),(20,2381,1,14,NULL,27,9),(20,2382,1,14,NULL,22,9),(20,2383,0,16,9,70,NULL),(20,2384,0,16,9,15,NULL),(20,2385,1,41,NULL,19,9),(20,2386,1,41,NULL,16,9),(20,2387,0,17,9,20,NULL),(20,2388,0,17,9,64,NULL),(20,2389,1,15,NULL,22,9),(20,2390,1,15,NULL,21,9),(20,2391,0,18,9,70,NULL),(20,2392,0,18,NULL,0,NULL),(20,2393,1,20,NULL,18,9),(20,2394,1,20,NULL,21,9),(20,2395,0,19,9,38,NULL),(20,2396,0,19,9,17,NULL),(20,2397,1,21,NULL,26,9),(20,2398,1,21,NULL,22,9),(20,2399,0,20,9,64,NULL),(20,2400,0,20,8,25,NULL),(20,2401,1,17,NULL,27,9),(20,2402,1,17,NULL,30,8),(20,2403,0,21,9,23,NULL),(20,2404,0,21,9,64,NULL),(20,2405,1,23,NULL,22,9),(20,2406,1,23,NULL,26,9),(20,2407,0,22,9,38,NULL),(20,2408,0,22,9,64,NULL),(20,2409,1,38,NULL,23,9),(20,2410,1,38,NULL,24,9),(20,2411,0,23,9,24,NULL),(20,2412,0,23,9,64,NULL),(20,2413,1,24,NULL,30,8),(20,2414,1,24,NULL,33,8),(20,2415,0,24,9,70,NULL),(20,2416,0,24,NULL,0,NULL),(20,2417,1,22,NULL,23,9),(20,2418,1,22,NULL,36,8),(20,2419,0,25,9,22,NULL),(20,2420,0,25,NULL,0,NULL),(20,2421,1,64,NULL,30,8),(20,2422,1,64,NULL,32,8),(20,2423,0,26,9,70,NULL),(20,2424,0,26,NULL,0,NULL),(20,2425,1,70,NULL,35,8),(20,2426,1,70,NULL,40,8),(20,2427,0,27,9,64,NULL),(20,2428,0,27,NULL,0,NULL),(20,2429,1,26,NULL,30,8),(20,2430,1,26,NULL,25,9),(20,2431,0,28,9,70,NULL),(20,2432,0,28,9,26,NULL),(20,2433,1,44,NULL,28,10),(20,2434,1,44,NULL,29,9),(20,2435,0,29,9,44,NULL),(20,2436,0,29,NULL,0,NULL),(20,2437,1,25,NULL,34,8),(20,2438,1,25,NULL,31,8),(20,2439,0,30,8,25,NULL),(20,2440,0,30,9,26,NULL),(20,2441,1,42,NULL,36,8),(20,2442,1,42,NULL,39,9),(20,2443,0,31,8,25,NULL),(20,2444,0,31,9,44,NULL),(20,2445,1,58,NULL,32,8),(20,2446,1,58,NULL,31,8),(20,2447,0,32,8,25,NULL),(20,2448,0,32,10,45,NULL),(20,2449,1,28,NULL,33,8),(20,2450,1,28,NULL,31,8),(20,2451,0,33,9,27,NULL),(20,2452,0,33,NULL,0,NULL),(20,2453,1,27,NULL,27,9),(20,2454,1,27,NULL,26,9),(20,2455,0,34,9,27,NULL),(20,2456,0,34,8,25,NULL),(20,2457,1,29,NULL,40,8),(20,2458,1,29,NULL,39,9),(20,2459,0,35,8,42,NULL),(20,2460,0,35,8,25,NULL),(20,2461,1,54,NULL,0,NULL),(20,2462,1,54,NULL,0,NULL),(20,2463,0,36,7,29,NULL),(20,2464,0,36,8,28,NULL),(20,2465,1,43,NULL,38,8),(20,2466,1,43,NULL,37,8),(20,2467,0,37,8,43,NULL),(20,2468,0,37,7,67,NULL),(20,2469,1,66,NULL,5,10),(20,2470,1,66,NULL,40,8),(20,2471,0,38,8,58,NULL),(20,2472,0,38,9,64,NULL),(20,2473,1,65,NULL,1,11),(20,2474,1,65,NULL,2,11),(20,2475,0,39,6,65,NULL),(20,2476,0,39,7,66,NULL),(20,2477,1,67,NULL,31,8),(20,2478,1,67,NULL,9,9),(20,2479,0,40,7,54,NULL),(20,2480,0,40,9,27,NULL),(21,2481,1,1,11,1,11),(21,2482,1,1,11,2,11),(21,2483,0,1,10,7,NULL),(21,2484,0,1,10,75,NULL),(21,2485,1,2,10,3,11),(21,2486,1,2,10,4,10),(21,2487,0,2,10,2,NULL),(21,2488,0,2,10,5,NULL),(21,2489,1,5,10,5,10),(21,2490,1,5,10,7,10),(21,2491,0,3,11,1,NULL),(21,2492,0,3,10,6,NULL),(21,2493,1,6,10,6,10),(21,2494,1,6,10,9,9),(21,2495,0,4,10,62,NULL),(21,2496,0,4,10,45,NULL),(21,2497,1,7,10,10,9),(21,2498,1,7,10,7,10),(21,2499,0,5,10,45,NULL),(21,2500,0,5,9,11,NULL),(21,2501,1,62,10,11,9),(21,2502,1,62,10,13,9),(21,2503,0,6,9,32,NULL),(21,2504,0,6,9,46,NULL),(21,2505,1,75,10,8,10),(21,2506,1,75,10,1,11),(21,2507,0,7,9,60,NULL),(21,2508,0,7,9,10,NULL),(21,2509,1,45,10,9,9),(21,2510,1,45,10,6,10),(21,2511,0,8,9,11,NULL),(21,2512,0,8,9,13,NULL),(21,2513,1,8,9,10,9),(21,2514,1,8,9,13,9),(21,2515,0,9,9,8,NULL),(21,2516,0,9,9,35,NULL),(21,2517,1,35,9,12,9),(21,2518,1,35,9,18,9),(21,2519,0,10,9,10,NULL),(21,2520,0,10,9,17,NULL),(21,2521,1,60,9,19,9),(21,2522,1,60,9,20,9),(21,2523,0,11,9,14,NULL),(21,2524,0,11,9,18,NULL),(21,2525,1,11,9,14,9),(21,2526,1,11,9,21,9),(21,2527,0,12,9,22,NULL),(21,2528,0,12,9,64,NULL),(21,2529,1,46,9,12,9),(21,2530,1,46,9,13,9),(21,2531,0,13,9,17,NULL),(21,2532,0,13,9,20,NULL),(21,2533,1,32,9,18,9),(21,2534,1,32,9,19,9),(21,2535,0,14,9,20,NULL),(21,2536,0,14,9,24,NULL),(21,2537,1,10,9,13,9),(21,2538,1,10,9,15,9),(21,2539,0,15,9,21,NULL),(21,2540,0,15,9,15,NULL),(21,2541,1,13,9,17,9),(21,2542,1,13,9,16,9),(21,2543,0,16,9,17,NULL),(21,2544,0,16,9,15,NULL),(21,2545,1,14,9,31,8),(21,2546,1,14,9,18,9),(21,2547,0,17,9,15,NULL),(21,2548,0,17,9,64,NULL),(21,2549,1,18,9,18,9),(21,2550,1,18,9,20,9),(21,2551,0,18,9,26,NULL),(21,2552,0,18,9,20,NULL),(21,2553,1,15,9,20,9),(21,2554,1,15,9,21,9),(21,2555,0,19,9,38,NULL),(21,2556,0,19,9,17,NULL),(21,2557,1,20,9,20,9),(21,2558,1,20,9,24,9),(21,2559,0,20,9,44,NULL),(21,2560,0,20,9,64,NULL),(21,2561,1,21,9,21,9),(21,2562,1,21,9,18,9),(21,2563,0,21,9,38,NULL),(21,2564,0,21,9,20,NULL),(21,2565,1,17,9,31,8),(21,2566,1,17,9,30,8),(21,2567,0,22,9,76,NULL),(21,2568,0,22,9,17,NULL),(21,2569,1,24,9,35,7),(21,2570,1,24,9,19,9),(21,2571,0,23,9,38,NULL),(21,2572,0,23,9,18,NULL),(21,2573,1,38,9,23,9),(21,2574,1,38,9,22,9),(21,2575,0,24,8,25,NULL),(21,2576,0,24,9,38,NULL),(21,2577,1,22,9,25,9),(21,2578,1,22,9,18,9),(21,2579,0,25,9,44,NULL),(21,2580,0,25,9,38,NULL),(21,2581,1,64,9,25,9),(21,2582,1,64,9,29,8),(21,2583,0,26,8,42,NULL),(21,2584,0,26,8,25,NULL),(21,2585,1,26,9,26,9),(21,2586,1,26,9,25,9),(21,2587,0,27,8,28,NULL),(21,2588,0,27,8,58,NULL),(21,2589,1,44,9,27,9),(21,2590,1,44,9,28,8),(21,2591,0,28,8,28,NULL),(21,2592,0,28,8,58,NULL),(21,2593,1,76,9,33,8),(21,2594,1,76,9,5,10),(21,2595,0,29,8,25,NULL),(21,2596,0,29,9,13,NULL),(21,2597,1,25,8,29,8),(21,2598,1,25,8,31,8),(21,2599,0,30,8,25,NULL),(21,2600,0,30,8,43,NULL),(21,2601,1,42,8,0,NULL),(21,2602,1,42,8,0,NULL),(21,2603,0,31,7,29,NULL),(21,2604,0,31,8,0,NULL),(21,2605,1,58,8,28,8),(21,2606,1,58,8,32,8),(21,2607,0,32,7,54,NULL),(21,2608,0,32,9,27,NULL),(21,2609,1,28,8,33,8),(21,2610,1,28,8,34,7),(21,2611,0,33,8,58,NULL),(21,2612,0,33,8,28,NULL),(21,2613,1,27,9,26,9),(21,2614,1,27,9,24,9),(21,2615,0,34,8,43,NULL),(21,2616,0,34,7,66,NULL),(21,2617,1,29,7,30,8),(21,2618,1,29,7,10,9),(21,2619,0,35,8,43,NULL),(21,2620,0,35,7,0,NULL),(21,2621,1,54,7,36,7),(21,2622,1,54,7,4,10),(21,2623,0,36,7,67,NULL),(21,2624,0,36,6,65,NULL),(21,2625,1,43,8,32,8),(21,2626,1,43,8,31,8),(21,2627,0,37,9,18,NULL),(21,2628,0,37,6,0,NULL),(21,2629,1,66,7,38,6),(21,2630,1,66,7,2,11),(21,2631,0,38,6,0,NULL),(21,2632,0,38,6,0,NULL),(21,2633,1,65,6,40,5),(21,2634,1,65,6,1,11),(21,2635,0,39,5,0,NULL),(21,2636,0,39,5,0,NULL),(21,2637,1,67,7,37,6),(21,2638,1,67,7,39,5),(21,2639,0,40,5,0,NULL),(21,2640,0,40,5,0,NULL),(22,2641,1,1,11,1,11),(22,2642,1,1,11,2,11),(22,2643,0,1,10,62,NULL),(22,2644,0,1,10,5,NULL),(22,2645,1,2,10,1,11),(22,2646,1,2,10,3,11),(22,2647,0,2,10,34,NULL),(22,2648,0,2,10,2,NULL),(22,2649,1,5,10,4,10),(22,2650,1,5,10,6,10),(22,2651,0,3,10,6,NULL),(22,2652,0,3,11,1,NULL),(22,2653,1,6,10,6,10),(22,2654,1,6,10,0,NULL),(22,2655,0,4,9,8,NULL),(22,2656,0,4,9,14,NULL),(22,2657,1,34,10,5,10),(22,2658,1,34,10,12,10),(22,2659,0,5,10,75,NULL),(22,2660,0,5,9,35,NULL),(22,2661,1,62,10,14,9),(22,2662,1,62,10,7,10),(22,2663,0,6,9,9,NULL),(22,2664,0,6,9,14,NULL),(22,2665,1,7,10,9,10),(22,2666,1,7,10,10,10),(22,2667,0,7,10,75,NULL),(22,2668,0,7,9,33,NULL),(22,2669,1,75,10,8,10),(22,2670,1,75,10,7,10),(22,2671,0,8,9,35,NULL),(22,2672,0,8,9,11,NULL),(22,2673,1,8,9,14,9),(22,2674,1,8,9,15,9),(22,2675,0,9,9,21,NULL),(22,2676,0,9,9,15,NULL),(22,2677,1,35,9,11,9),(22,2678,1,35,9,18,9),(22,2679,0,10,9,60,NULL),(22,2680,0,10,9,13,NULL),(22,2681,1,9,9,12,10),(22,2682,1,9,9,20,9),(22,2683,0,11,9,14,NULL),(22,2684,0,11,9,15,NULL),(22,2685,1,60,9,14,9),(22,2686,1,60,9,19,9),(22,2687,0,12,9,20,NULL),(22,2688,0,12,9,10,NULL),(22,2689,1,74,9,18,9),(22,2690,1,74,9,11,9),(22,2691,0,13,9,74,NULL),(22,2692,0,13,9,10,NULL),(22,2693,1,11,9,21,9),(22,2694,1,11,9,19,9),(22,2695,0,14,9,15,NULL),(22,2696,0,14,9,14,NULL),(22,2697,1,10,9,16,9),(22,2698,1,10,9,13,9),(22,2699,0,15,9,24,NULL),(22,2700,0,15,9,14,NULL),(22,2701,1,33,9,24,9),(22,2702,1,33,9,18,9),(22,2703,0,16,9,26,NULL),(22,2704,0,16,10,7,NULL),(22,2705,1,13,9,18,9),(22,2706,1,13,9,17,9),(22,2707,0,17,9,17,NULL),(22,2708,0,17,9,14,NULL),(22,2709,1,14,9,24,9),(22,2710,1,14,9,18,9),(22,2711,0,18,9,26,NULL),(22,2712,0,18,9,64,NULL),(22,2713,1,15,9,0,NULL),(22,2714,1,15,9,0,NULL),(22,2715,0,19,9,26,NULL),(22,2716,0,19,9,64,NULL),(22,2717,1,20,9,21,9),(22,2718,1,20,9,22,9),(22,2719,0,20,9,64,NULL),(22,2720,0,20,9,26,NULL),(22,2721,1,21,9,23,9),(22,2722,1,21,9,20,9),(22,2723,0,21,9,64,NULL),(22,2724,0,21,9,24,NULL),(22,2725,1,17,9,25,9),(22,2726,1,17,9,27,8),(22,2727,0,22,8,58,NULL),(22,2728,0,22,9,26,NULL),(22,2729,1,24,9,23,9),(22,2730,1,24,9,26,8),(22,2731,0,23,9,26,NULL),(22,2732,0,23,9,0,NULL),(22,2733,1,64,9,26,8),(22,2734,1,64,9,1,11),(22,2735,0,24,9,64,NULL),(22,2736,0,24,9,24,NULL),(22,2737,1,26,9,24,9),(22,2738,1,26,9,0,NULL),(22,2739,0,25,8,58,NULL),(22,2740,0,25,8,28,NULL),(22,2741,1,58,8,26,8),(22,2742,1,58,8,25,9),(22,2743,0,26,8,28,NULL),(22,2744,0,26,10,7,NULL),(22,2745,1,28,8,27,8),(22,2746,1,28,8,28,8),(22,2747,0,27,8,28,NULL),(22,2748,0,27,7,29,NULL),(22,2749,1,29,7,27,8),(22,2750,1,29,7,9,10),(22,2751,0,28,8,54,NULL),(22,2752,0,28,9,64,NULL),(22,2753,1,54,8,4,10),(22,2754,1,54,8,0,NULL),(22,2755,0,29,7,67,NULL),(22,2756,0,29,11,1,NULL),(22,2757,1,67,7,29,7),(22,2758,1,67,7,30,9),(22,2759,0,30,9,26,NULL),(22,2760,0,30,9,64,NULL),(32,2785,1,2,10,1,11),(32,2786,1,2,10,6,10),(32,2787,0,1,10,5,NULL),(32,2788,0,1,10,2,NULL),(32,2789,1,3,10,5,10),(32,2790,1,3,10,4,10),(32,2791,0,2,10,3,NULL),(32,2792,0,2,10,75,NULL),(32,2793,1,5,10,2,10),(32,2794,1,5,10,7,10),(32,2795,0,3,10,5,NULL),(32,2796,0,3,9,74,NULL),(32,2797,1,4,10,4,10),(32,2798,1,4,10,3,10),(32,2799,0,4,10,4,NULL),(32,2800,0,4,9,13,NULL),(32,2801,1,34,10,8,9),(32,2802,1,34,10,10,9),(32,2803,0,5,10,34,NULL),(32,2804,0,5,9,23,NULL),(32,2805,1,62,10,7,10),(32,2806,1,62,10,8,9),(32,2807,0,6,10,62,NULL),(32,2808,0,6,9,60,NULL),(32,2809,1,7,10,9,9),(32,2810,1,7,10,11,9),(32,2811,0,7,10,7,NULL),(32,2812,0,7,9,35,NULL),(32,2813,1,75,10,8,9),(32,2814,1,75,10,9,9),(32,2815,0,8,9,8,NULL),(32,2816,0,8,9,23,NULL),(32,2817,1,8,9,10,9),(32,2818,1,8,9,15,9),(32,2819,0,9,9,33,NULL),(32,2820,0,9,9,41,NULL),(32,2821,1,35,9,10,9),(32,2822,1,35,9,17,9),(32,2823,0,10,9,35,NULL),(32,2824,0,10,9,10,NULL),(32,2825,1,74,9,24,8),(32,2826,1,74,9,25,8),(32,2827,0,11,9,74,NULL),(32,2828,0,11,9,17,NULL),(32,2829,1,60,9,15,9),(32,2830,1,60,9,16,9),(32,2831,0,12,9,60,NULL),(32,2832,0,12,9,20,NULL),(32,2833,1,11,9,17,9),(32,2834,1,11,9,12,9),(32,2835,0,13,9,11,NULL),(32,2836,0,13,9,17,NULL),(32,2837,1,32,9,14,9),(32,2838,1,32,9,13,9),(32,2839,0,14,9,32,NULL),(32,2840,0,14,9,17,NULL),(32,2841,1,10,9,14,9),(32,2842,1,10,9,17,9),(32,2843,0,15,9,10,NULL),(32,2844,0,15,9,64,NULL),(32,2845,1,33,9,19,9),(32,2846,1,33,9,22,9),(32,2847,0,16,9,33,NULL),(32,2848,0,16,9,17,NULL),(32,2849,1,13,9,16,9),(32,2850,1,13,9,17,9),(32,2851,0,17,9,13,NULL),(32,2852,0,17,9,41,NULL),(32,2853,1,41,9,18,9),(32,2854,1,41,9,19,9),(32,2855,0,18,9,41,NULL),(32,2856,0,18,9,24,NULL),(32,2857,1,18,9,17,9),(32,2858,1,18,9,14,9),(32,2859,0,19,9,18,NULL),(32,2860,0,19,9,13,NULL),(32,2861,1,20,9,20,9),(32,2862,1,20,9,17,9),(32,2863,0,20,9,20,NULL),(32,2864,0,20,9,76,NULL),(32,2865,1,23,9,21,9),(32,2866,1,23,9,13,9),(32,2867,0,21,9,23,NULL),(32,2868,0,21,9,24,NULL),(32,2869,1,17,9,24,8),(32,2870,1,17,9,27,8),(32,2871,0,22,9,17,NULL),(32,2872,0,22,9,18,NULL),(32,2873,1,24,9,23,8),(32,2874,1,24,9,22,9),(32,2875,0,23,9,24,NULL),(32,2876,0,23,9,18,NULL),(32,2877,1,64,9,28,8),(32,2878,1,64,9,14,9),(32,2879,0,24,9,64,NULL),(32,2880,0,24,7,67,NULL),(32,2881,1,76,9,0,NULL),(32,2882,1,76,9,0,NULL),(32,2883,0,25,8,54,NULL),(32,2884,0,25,10,2,NULL),(32,2885,1,28,8,26,8),(32,2886,1,28,8,29,8),(32,2887,0,26,8,28,NULL),(32,2888,0,26,9,18,NULL),(32,2889,1,80,8,30,10),(32,2890,1,80,8,29,8),(32,2891,0,27,8,80,NULL),(32,2892,0,27,9,18,NULL),(32,2893,1,54,8,30,10),(32,2894,1,54,8,28,8),(32,2895,0,28,8,54,NULL),(32,2896,0,28,9,18,NULL),(32,2897,1,43,8,28,8),(32,2898,1,43,8,26,8),(32,2899,0,29,8,43,NULL),(32,2900,0,29,0,0,NULL),(32,2901,1,67,7,30,10),(32,2902,1,67,7,29,8),(32,2903,0,30,9,24,NULL),(32,2904,0,30,9,17,NULL),(33,2905,1,1,11,1,9),(33,2906,1,1,11,2,9),(33,2907,0,1,10,2,NULL),(33,2908,0,1,10,4,NULL),(33,2909,1,2,10,4,9),(33,2910,1,2,10,2,9),(33,2911,0,2,10,3,NULL),(33,2912,0,2,10,5,NULL),(33,2913,1,3,10,3,9),(33,2914,1,3,10,6,9),(33,2915,0,3,0,0,NULL),(33,2916,0,3,0,0,NULL),(33,2917,1,5,10,5,9),(33,2918,1,5,10,8,9),(33,2919,0,4,10,75,NULL),(33,2920,0,4,9,32,NULL),(33,2921,1,4,10,5,9),(33,2922,1,4,10,8,9),(33,2923,0,5,10,62,NULL),(33,2924,0,5,9,13,NULL),(33,2925,1,62,10,8,9),(33,2926,1,62,10,9,9),(33,2927,0,6,10,7,NULL),(33,2928,0,6,10,75,NULL),(33,2929,1,7,10,7,9),(33,2930,1,7,10,11,9),(33,2931,0,7,0,0,NULL),(33,2932,0,7,0,0,NULL),(33,2933,1,75,10,9,9),(33,2934,1,75,10,10,9),(33,2935,0,8,9,35,NULL),(33,2936,0,8,9,33,NULL),(33,2937,1,35,9,16,9),(33,2938,1,35,9,14,9),(33,2939,0,9,9,9,NULL),(33,2940,0,9,0,0,NULL),(33,2941,1,9,9,12,9),(33,2942,1,9,9,17,9),(33,2943,0,10,9,32,NULL),(33,2944,0,10,9,20,NULL),(33,2945,1,60,9,15,9),(33,2946,1,60,9,17,9),(33,2947,0,11,9,11,NULL),(33,2948,0,11,9,64,NULL),(33,2949,1,11,9,20,9),(33,2950,1,11,9,11,9),(33,2951,0,12,9,60,NULL),(33,2952,0,12,9,20,NULL),(33,2953,1,32,9,13,9),(33,2954,1,32,9,11,9),(33,2955,0,13,9,10,NULL),(33,2956,0,13,9,64,NULL),(33,2957,1,10,9,12,9),(33,2958,1,10,9,15,9),(33,2959,0,14,9,36,NULL),(33,2960,0,14,9,17,NULL),(33,2961,1,33,9,12,9),(33,2962,1,33,9,11,9),(33,2963,0,15,0,0,NULL),(33,2964,0,15,0,0,NULL),(33,2965,1,13,9,15,9),(33,2966,1,13,9,14,9),(33,2967,0,16,9,41,NULL),(33,2968,0,16,9,23,NULL),(33,2969,1,41,9,18,9),(33,2970,1,41,9,19,9),(33,2971,0,17,9,14,NULL),(33,2972,0,17,9,17,NULL),(33,2973,1,14,9,12,9),(33,2974,1,14,9,7,9),(33,2975,0,18,9,18,NULL),(33,2976,0,18,9,64,NULL),(33,2977,1,18,9,22,9),(33,2978,1,18,9,21,9),(33,2979,0,19,9,20,NULL),(33,2980,0,19,0,0,NULL),(33,2981,1,20,9,20,9),(33,2982,1,20,9,21,9),(33,2983,0,20,0,0,NULL),(33,2984,0,20,0,0,NULL),(33,2985,1,23,9,21,9),(33,2986,1,23,9,22,9),(33,2987,0,21,9,17,NULL),(33,2988,0,21,9,24,NULL),(33,2989,1,17,9,24,9),(33,2990,1,17,9,27,9),(33,2991,0,22,9,24,NULL),(33,2992,0,22,8,28,NULL),(33,2993,1,24,9,23,9),(33,2994,1,24,9,25,9),(33,2995,0,23,9,64,NULL),(33,2996,0,23,9,24,NULL),(33,2997,1,64,9,25,9),(33,2998,1,64,9,20,9),(33,2999,0,24,0,0,NULL),(33,3000,0,24,0,0,NULL),(33,3001,1,36,9,30,9),(33,3002,1,36,9,20,9),(33,3003,0,25,8,28,NULL),(33,3004,0,25,9,64,NULL),(33,3005,1,28,8,26,9),(33,3006,1,28,8,27,9),(33,3007,0,26,7,29,NULL),(33,3008,0,26,8,43,NULL),(33,3009,1,29,8,30,9),(33,3010,1,29,8,28,9),(33,3011,0,27,7,67,NULL),(33,3012,0,27,9,24,NULL),(33,3013,1,54,8,15,9),(33,3014,1,54,8,18,9),(33,3015,0,28,0,0,NULL),(33,3016,0,28,0,0,NULL),(33,3017,1,43,8,29,9),(33,3018,1,43,8,28,9),(33,3019,0,29,8,54,NULL),(33,3020,0,29,9,17,NULL),(33,3021,1,67,7,19,9),(33,3022,1,67,7,1,9),(33,3023,0,30,7,29,NULL),(33,3024,0,30,0,0,NULL),(34,3025,1,1,11,1,11),(34,3026,1,1,11,2,11),(34,3027,0,1,10,5,NULL),(34,3028,0,1,11,1,NULL),(34,3029,1,2,10,4,10),(34,3030,1,2,10,3,10),(34,3031,0,2,10,4,NULL),(34,3032,0,2,10,2,NULL),(34,3033,1,5,10,19,9),(34,3034,1,5,10,14,9),(34,3035,0,3,10,6,NULL),(34,3036,0,3,9,8,NULL),(34,3037,1,4,10,5,10),(34,3038,1,4,10,7,9),(34,3039,0,4,10,62,NULL),(34,3040,0,4,10,7,NULL),(34,3041,1,6,10,6,10),(34,3042,1,6,10,11,9),(34,3043,0,5,10,7,NULL),(34,3044,0,5,9,12,NULL),(34,3045,1,62,10,10,9),(34,3046,1,62,10,14,9),(34,3047,0,6,10,75,NULL),(34,3048,0,6,9,35,NULL),(34,3049,1,7,10,8,9),(34,3050,1,7,10,9,9),(34,3051,0,7,9,8,NULL),(34,3052,0,7,9,17,NULL),(34,3053,1,75,10,7,9),(34,3054,1,75,10,8,9),(34,3055,0,8,9,35,NULL),(34,3056,0,8,9,11,NULL),(34,3057,1,8,9,20,9),(34,3058,1,8,9,13,9),(34,3059,0,9,9,60,NULL),(34,3060,0,9,9,20,NULL),(34,3061,1,35,9,14,9),(34,3062,1,35,9,21,9),(34,3063,0,10,9,12,NULL),(34,3064,0,10,9,11,NULL),(34,3065,1,60,9,15,9),(34,3066,1,60,9,16,9),(34,3067,0,11,9,11,NULL),(34,3068,0,11,9,10,NULL),(34,3069,1,12,9,9,9),(34,3070,1,12,9,19,9),(34,3071,0,12,9,32,NULL),(34,3072,0,12,9,20,NULL),(34,3073,1,11,9,13,9),(34,3074,1,11,9,18,9),(34,3075,0,13,9,10,NULL),(34,3076,0,13,9,14,NULL),(34,3077,1,32,9,14,9),(34,3078,1,32,9,11,9),(34,3079,0,14,9,33,NULL),(34,3080,0,14,9,20,NULL),(34,3081,1,10,9,14,9),(34,3082,1,10,9,12,9),(34,3083,0,15,9,14,NULL),(34,3084,0,15,9,64,NULL),(34,3085,1,33,9,19,9),(34,3086,1,33,9,10,9),(34,3087,0,16,9,41,NULL),(34,3088,0,16,9,14,NULL),(34,3089,1,14,9,16,9),(34,3090,1,14,9,14,9),(34,3091,0,17,9,13,NULL),(34,3092,0,17,9,20,NULL),(34,3093,1,41,9,17,9),(34,3094,1,41,9,21,9),(34,3095,0,18,9,18,NULL),(34,3096,0,18,9,32,NULL),(34,3097,1,13,9,16,9),(34,3098,1,13,9,21,9),(34,3099,0,19,9,20,NULL),(34,3100,0,19,10,4,NULL),(34,3101,1,18,9,20,9),(34,3102,1,18,9,24,9),(34,3103,0,20,9,17,NULL),(34,3104,0,20,9,35,NULL),(34,3105,1,20,9,21,9),(34,3106,1,20,9,22,9),(34,3107,0,21,9,24,NULL),(34,3108,0,21,9,17,NULL),(34,3109,1,17,9,26,8),(34,3110,1,17,9,27,8),(34,3111,0,22,9,64,NULL),(34,3112,0,22,0,0,NULL),(34,3113,1,24,9,23,9),(34,3114,1,24,9,25,9),(34,3115,0,23,9,36,NULL),(34,3116,0,23,9,8,NULL),(34,3117,1,64,9,27,8),(34,3118,1,64,9,30,7),(34,3119,0,24,9,64,NULL),(34,3120,0,24,9,24,NULL),(34,3121,1,36,9,27,8),(34,3122,1,36,9,29,8),(34,3123,0,25,8,29,NULL),(34,3124,0,25,9,17,NULL),(34,3125,1,28,8,28,8),(34,3126,1,28,8,27,8),(34,3127,0,26,8,28,NULL),(34,3128,0,26,7,78,NULL),(34,3129,1,29,8,30,7),(34,3130,1,29,8,29,8),(34,3131,0,27,8,29,NULL),(34,3132,0,27,8,54,NULL),(34,3133,1,54,8,30,7),(34,3134,1,54,8,14,9),(34,3135,0,28,8,54,NULL),(34,3136,0,28,0,0,NULL),(34,3137,1,43,8,29,8),(34,3138,1,43,8,27,8),(34,3139,0,29,8,43,NULL),(34,3140,0,29,0,0,NULL),(34,3141,1,78,7,30,7),(34,3142,1,78,7,0,NULL),(34,3143,0,30,7,78,NULL),(34,3144,0,30,8,43,NULL),(35,3145,1,1,11,1,11),(35,3146,1,1,11,2,11),(35,3147,0,1,10,5,NULL),(35,3148,0,1,0,0,NULL),(35,3149,1,2,10,4,10),(35,3150,1,2,10,3,10),(35,3151,0,2,10,2,NULL),(35,3152,0,2,10,62,NULL),(35,3153,1,5,10,8,9),(35,3154,1,5,10,3,10),(35,3155,0,3,10,6,NULL),(35,3156,0,3,0,0,NULL),(35,3157,1,4,10,4,10),(35,3158,1,4,10,11,9),(35,3159,0,4,10,4,NULL),(35,3160,0,4,0,0,NULL),(35,3161,1,6,10,5,10),(35,3162,1,6,10,13,9),(35,3163,0,5,10,6,NULL),(35,3164,0,5,0,0,NULL),(35,3165,1,62,10,8,9),(35,3166,1,62,10,19,9),(35,3167,0,6,10,62,NULL),(35,3168,0,6,9,8,NULL),(35,3169,1,75,10,7,9),(35,3170,1,75,10,6,10),(35,3171,0,7,10,75,NULL),(35,3172,0,7,9,9,NULL),(35,3173,1,8,9,12,9),(35,3174,1,8,9,17,9),(35,3175,0,8,9,35,NULL),(35,3176,0,8,9,12,NULL),(35,3177,1,35,9,13,9),(35,3178,1,35,9,19,9),(35,3179,0,9,9,35,NULL),(35,3180,0,9,9,36,NULL),(35,3181,1,9,9,10,9),(35,3182,1,9,9,9,9),(35,3183,0,10,9,9,NULL),(35,3184,0,10,9,36,NULL),(35,3185,1,60,9,17,9),(35,3186,1,60,9,19,9),(35,3187,0,11,9,60,NULL),(35,3188,0,11,9,64,NULL),(35,3189,1,12,9,11,9),(35,3190,1,12,9,13,9),(35,3191,0,12,9,12,NULL),(35,3192,0,12,0,0,NULL),(35,3193,1,11,9,16,9),(35,3194,1,11,9,18,9),(35,3195,0,13,9,11,NULL),(35,3196,0,13,9,36,NULL),(35,3197,1,10,9,14,9),(35,3198,1,10,9,10,9),(35,3199,0,14,9,10,NULL),(35,3200,0,14,9,11,NULL),(35,3201,1,13,9,15,9),(35,3202,1,13,9,17,9),(35,3203,0,15,9,13,NULL),(35,3204,0,15,9,17,NULL),(35,3205,1,41,9,19,9),(35,3206,1,41,9,17,9),(35,3207,0,16,9,41,NULL),(35,3208,0,16,9,36,NULL),(35,3209,1,18,9,20,9),(35,3210,1,18,9,13,9),(35,3211,0,17,9,18,NULL),(35,3212,0,17,0,0,NULL),(35,3213,1,17,9,21,8),(35,3214,1,17,9,22,8),(35,3215,0,18,9,17,NULL),(35,3216,0,18,9,36,NULL),(35,3217,1,24,9,19,9),(35,3218,1,24,9,24,8),(35,3219,0,19,9,24,NULL),(35,3220,0,19,9,17,NULL),(35,3221,1,64,9,21,8),(35,3222,1,64,9,19,9),(35,3223,0,20,9,64,NULL),(35,3224,0,20,9,36,NULL),(35,3225,1,36,9,0,NULL),(35,3226,1,36,9,0,NULL),(35,3227,0,21,9,36,NULL),(35,3228,0,21,0,0,NULL),(35,3229,1,25,8,5,10),(35,3230,1,25,8,3,10),(35,3231,0,22,8,25,NULL),(35,3232,0,22,9,36,NULL),(35,3233,1,28,8,23,8),(35,3234,1,28,8,25,8),(35,3235,0,23,8,25,NULL),(35,3236,0,23,8,28,NULL),(35,3237,1,29,8,24,8),(35,3238,1,29,8,25,8),(35,3239,0,24,8,29,NULL),(35,3240,0,24,8,25,NULL),(35,3241,1,78,7,19,9),(35,3242,1,78,7,0,NULL),(35,3243,0,25,7,78,NULL),(35,3244,0,25,9,64,NULL),(36,3245,1,1,11,1,11),(36,3246,1,1,11,2,11),(36,3247,0,1,11,1,NULL),(36,3248,0,1,10,3,NULL),(36,3249,1,2,10,5,10),(36,3250,1,2,10,11,9),(36,3251,0,2,10,2,NULL),(36,3252,0,2,10,4,NULL),(36,3253,1,3,10,8,9),(36,3254,1,3,10,3,10),(36,3255,0,3,10,75,NULL),(36,3256,0,3,10,62,NULL),(36,3257,1,4,10,5,10),(36,3258,1,4,10,4,10),(36,3259,0,4,9,8,NULL),(36,3260,0,4,9,35,NULL),(36,3261,1,62,10,12,9),(36,3262,1,62,10,9,9),(36,3263,0,5,9,11,NULL),(36,3264,0,5,9,13,NULL),(36,3265,1,75,10,6,10),(36,3266,1,75,10,7,9),(36,3267,0,6,9,18,NULL),(36,3268,0,6,9,23,NULL),(36,3269,1,8,9,12,9),(36,3270,1,8,9,13,9),(36,3271,0,7,9,32,NULL),(36,3272,0,7,9,18,NULL),(36,3273,1,35,9,11,9),(36,3274,1,35,9,10,9),(36,3275,0,8,9,23,NULL),(36,3276,0,8,9,64,NULL),(36,3277,1,11,9,13,9),(36,3278,1,11,9,15,9),(36,3279,0,9,9,32,NULL),(36,3280,0,9,9,35,NULL),(36,3281,1,32,9,16,9),(36,3282,1,32,9,12,9),(36,3283,0,10,9,10,NULL),(36,3284,0,10,9,18,NULL),(36,3285,1,10,9,12,9),(36,3286,1,10,9,9,9),(36,3287,0,11,9,20,NULL),(36,3288,0,11,9,13,NULL),(36,3289,1,13,9,14,10),(36,3290,1,13,9,15,9),(36,3291,0,12,9,23,NULL),(36,3292,0,12,9,64,NULL),(36,3293,1,18,9,10,9),(36,3294,1,18,9,12,9),(36,3295,0,13,9,64,NULL),(36,3296,0,13,9,23,NULL),(36,3297,1,20,9,16,9),(36,3298,1,20,9,19,8),(36,3299,0,14,9,23,NULL),(36,3300,0,14,9,17,NULL),(36,3301,1,23,9,15,9),(36,3302,1,23,9,17,8),(36,3303,0,15,9,17,NULL),(36,3304,0,15,9,24,NULL),(36,3305,1,17,9,24,11),(36,3306,1,17,9,20,8),(36,3307,0,16,9,17,NULL),(36,3308,0,16,9,64,NULL),(36,3309,1,24,9,19,8),(36,3310,1,24,9,9,9),(36,3311,0,17,8,25,NULL),(36,3312,0,17,8,59,NULL),(36,3313,1,64,9,18,8),(36,3314,1,64,9,17,8),(36,3315,0,18,10,2,NULL),(36,3316,0,18,10,4,NULL),(36,3317,1,25,8,3,10),(36,3318,1,25,8,4,10),(36,3319,0,19,8,58,NULL),(36,3320,0,19,8,28,NULL),(36,3321,1,58,8,20,8),(36,3322,1,58,8,1,11),(36,3323,0,20,8,29,NULL),(36,3324,0,20,0,0,NULL),(36,3325,1,28,8,20,8),(36,3326,1,28,8,21,8),(36,3327,0,21,0,0,NULL),(36,3328,0,21,0,0,NULL),(36,3329,1,59,8,22,8),(36,3330,1,59,8,23,7),(36,3331,0,22,0,0,NULL),(36,3332,0,22,0,0,NULL),(36,3333,1,29,8,25,8),(36,3334,1,29,8,23,7),(36,3335,0,23,7,78,NULL),(36,3336,0,23,11,1,NULL),(36,3337,1,54,8,20,8),(36,3338,1,54,8,2,11),(36,3339,0,24,10,75,NULL),(36,3340,0,24,9,18,NULL),(36,3341,1,78,7,24,11),(36,3342,1,78,7,0,NULL),(36,3343,0,25,8,54,NULL),(36,3344,0,25,10,3,NULL),(37,3345,1,1,11,0,NULL),(37,3346,1,1,11,0,NULL),(37,3347,0,1,0,0,NULL),(37,3348,0,1,0,0,NULL),(37,3349,1,2,10,0,NULL),(37,3350,1,2,10,0,NULL),(37,3351,0,2,0,0,NULL),(37,3352,0,2,0,0,NULL),(37,3353,1,3,10,0,NULL),(37,3354,1,3,10,0,NULL),(37,3355,0,3,0,0,NULL),(37,3356,0,3,0,0,NULL),(37,3357,1,5,10,0,NULL),(37,3358,1,5,10,0,NULL),(37,3359,0,4,0,0,NULL),(37,3360,0,4,0,0,NULL),(37,3361,1,4,10,0,NULL),(37,3362,1,4,10,0,NULL),(37,3363,0,5,0,0,NULL),(37,3364,0,5,0,0,NULL),(37,3365,1,62,10,0,NULL),(37,3366,1,62,10,0,NULL),(37,3367,0,6,0,0,NULL),(37,3368,0,6,0,0,NULL),(37,3369,1,7,10,0,NULL),(37,3370,1,7,10,0,NULL),(37,3371,0,7,0,0,NULL),(37,3372,0,7,0,0,NULL),(37,3373,1,75,10,0,NULL),(37,3374,1,75,10,0,NULL),(37,3375,0,8,0,0,NULL),(37,3376,0,8,0,0,NULL),(37,3377,1,8,9,0,NULL),(37,3378,1,8,9,0,NULL),(37,3379,0,9,0,0,NULL),(37,3380,0,9,0,0,NULL),(37,3381,1,35,9,0,NULL),(37,3382,1,35,9,0,NULL),(37,3383,0,10,0,0,NULL),(37,3384,0,10,0,0,NULL),(37,3385,1,9,9,0,NULL),(37,3386,1,9,9,0,NULL),(37,3387,0,11,0,0,NULL),(37,3388,0,11,0,0,NULL),(37,3389,1,60,9,0,NULL),(37,3390,1,60,9,0,NULL),(37,3391,0,12,0,0,NULL),(37,3392,0,12,0,0,NULL),(37,3393,1,11,9,0,NULL),(37,3394,1,11,9,0,NULL),(37,3395,0,13,0,0,NULL),(37,3396,0,13,0,0,NULL),(37,3397,1,32,9,0,NULL),(37,3398,1,32,9,0,NULL),(37,3399,0,14,0,0,NULL),(37,3400,0,14,0,0,NULL),(37,3401,1,33,9,0,NULL),(37,3402,1,33,9,0,NULL),(37,3403,0,15,0,0,NULL),(37,3404,0,15,0,0,NULL),(37,3405,1,10,9,0,NULL),(37,3406,1,10,9,0,NULL),(37,3407,0,16,0,0,NULL),(37,3408,0,16,0,0,NULL),(37,3409,1,13,9,0,NULL),(37,3410,1,13,9,0,NULL),(37,3411,0,17,0,0,NULL),(37,3412,0,17,0,0,NULL),(37,3413,1,41,9,0,NULL),(37,3414,1,41,9,0,NULL),(37,3415,0,18,0,0,NULL),(37,3416,0,18,0,0,NULL),(37,3417,1,14,9,0,NULL),(37,3418,1,14,9,0,NULL),(37,3419,0,19,0,0,NULL),(37,3420,0,19,0,0,NULL),(37,3421,1,20,9,0,NULL),(37,3422,1,20,9,0,NULL),(37,3423,0,20,0,0,NULL),(37,3424,0,20,0,0,NULL),(37,3425,1,23,9,0,NULL),(37,3426,1,23,9,0,NULL),(37,3427,0,21,0,0,NULL),(37,3428,0,21,0,0,NULL),(37,3429,1,17,9,0,NULL),(37,3430,1,17,9,0,NULL),(37,3431,0,22,0,0,NULL),(37,3432,0,22,0,0,NULL),(37,3433,1,24,9,0,NULL),(37,3434,1,24,9,0,NULL),(37,3435,0,23,0,0,NULL),(37,3436,0,23,0,0,NULL),(37,3437,1,64,9,0,NULL),(37,3438,1,64,9,0,NULL),(37,3439,0,24,0,0,NULL),(37,3440,0,24,0,0,NULL),(37,3441,1,25,8,0,NULL),(37,3442,1,25,8,0,NULL),(37,3443,0,25,0,0,NULL),(37,3444,0,25,0,0,NULL),(37,3445,1,58,8,0,NULL),(37,3446,1,58,8,0,NULL),(37,3447,0,26,0,0,NULL),(37,3448,0,26,0,0,NULL),(37,3449,1,28,8,0,NULL),(37,3450,1,28,8,0,NULL),(37,3451,0,27,0,0,NULL),(37,3452,0,27,0,0,NULL),(37,3453,1,59,8,0,NULL),(37,3454,1,59,8,0,NULL),(37,3455,0,28,0,0,NULL),(37,3456,0,28,0,0,NULL),(37,3457,1,54,8,0,NULL),(37,3458,1,54,8,0,NULL),(37,3459,0,29,0,0,NULL),(37,3460,0,29,0,0,NULL),(37,3461,1,67,7,0,NULL),(37,3462,1,67,7,0,NULL),(37,3463,0,30,0,0,NULL),(37,3464,0,30,0,0,NULL);
/*!40000 ALTER TABLE `clan_battle_map` ENABLE KEYS */;
UNLOCK TABLES;

--
-- Table structure for table `clan_opponent`
--

DROP TABLE IF EXISTS `clan_opponent`;
/*!40101 SET @saved_cs_client     = @@character_set_client */;
/*!40101 SET character_set_client = utf8 */;
CREATE TABLE `clan_opponent` (
  `id` int(11) NOT NULL AUTO_INCREMENT,
  `opponent_clan_id` varchar(20) DEFAULT NULL,
  `opponent_user_id` smallint(6) DEFAULT NULL,
  `grade` smallint(6) DEFAULT NULL,
  `levels` int(11) DEFAULT NULL,
  `cup` smallint(6) DEFAULT NULL,
  `star` smallint(6) DEFAULT NULL,
  PRIMARY KEY (`id`)
) ENGINE=InnoDB AUTO_INCREMENT=894 DEFAULT CHARSET=utf8;
/*!40101 SET character_set_client = @saved_cs_client */;

--
-- Dumping data for table `clan_opponent`
--

LOCK TABLES `clan_opponent` WRITE;
/*!40000 ALTER TABLE `clan_opponent` DISABLE KEYS */;
INSERT INTO `clan_opponent` VALUES (1,'8CRQQG20',1,11,144,4040,926),(2,'8CRQQG20',2,11,139,3625,576),(3,'8CRQQG20',3,10,140,3206,606),(4,'8CRQQG20',4,10,125,3596,1064),(5,'8CRQQG20',5,10,132,3511,329),(6,'8CRQQG20',6,10,125,2610,615),(7,'8CRQQG20',7,10,121,2892,612),(8,'8CRQQG20',8,11,153,2500,973),(9,'8CRQQG20',9,10,116,2665,523),(10,'8CRQQG20',10,9,129,2300,275),(11,'8CRQQG20',11,10,131,2609,640),(12,'8CRQQG20',12,9,112,2639,499),(13,'8CRQQG20',13,9,103,2746,576),(14,'8CRQQG20',14,9,105,2288,651),(15,'8CRQQG20',15,9,92,2457,78),(16,'8CRQQG20',16,9,98,2373,223),(17,'8CRQQG20',17,9,97,2465,452),(18,'8CRQQG20',18,9,92,2278,375),(19,'8CRQQG20',19,9,94,2178,143),(20,'8CRQQG20',20,9,88,2258,264),(21,'8CRQQG20',21,9,98,2542,351),(22,'8CRQQG20',22,9,92,2233,151),(23,'8CRQQG20',23,8,87,2278,505),(24,'8CRQQG20',24,8,85,1889,213),(25,'8CRQQG20',25,8,83,1917,246),(26,'8CRQQG20',26,8,62,1810,48),(27,'8CRQQG20',27,8,57,1518,39),(28,'8CRQQG20',28,10,79,2646,407),(29,'8CRQQG20',29,8,56,1809,21),(30,'8CRQQG20',30,8,53,1400,68),(31,'YLVJUGYG',1,11,184,5195,690),(32,'YLVJUGYG',2,11,166,5408,968),(33,'YLVJUGYG',3,10,171,3206,840),(34,'YLVJUGYG',4,10,155,4154,596),(35,'YLVJUGYG',5,10,134,3862,617),(36,'YLVJUGYG',6,10,144,3635,757),(37,'YLVJUGYG',7,10,154,4295,1010),(38,'YLVJUGYG',8,10,129,3408,739),(39,'YLVJUGYG',9,9,123,3507,664),(40,'YLVJUGYG',10,9,120,3479,668),(41,'YLVJUGYG',11,9,114,3294,418),(42,'YLVJUGYG',12,9,121,2986,772),(43,'YLVJUGYG',13,9,113,3353,580),(44,'YLVJUGYG',14,9,113,3205,511),(45,'YLVJUGYG',15,9,123,3234,936),(46,'YLVJUGYG',16,9,117,2233,522),(47,'YLVJUGYG',17,9,114,2606,475),(48,'YLVJUGYG',18,9,112,2432,466),(49,'YLVJUGYG',19,9,111,2654,965),(50,'YLVJUGYG',20,9,102,3031,581),(51,'YLVJUGYG',21,9,101,2070,711),(52,'YLVJUGYG',22,9,99,3204,865),(53,'YLVJUGYG',23,8,92,2146,571),(54,'YLVJUGYG',24,8,89,2219,666),(55,'YLVJUGYG',25,8,83,2015,421),(56,'YLVJUGYG',26,8,80,2269,436),(57,'YLVJUGYG',27,8,75,1478,708),(58,'YLVJUGYG',28,8,77,1515,585),(59,'YLVJUGYG',29,8,71,1529,611),(60,'YLVJUGYG',30,8,69,1494,720),(61,'8YJJGGJ2',1,11,181,4160,1325),(62,'8YJJGGJ2',2,11,147,3628,860),(63,'8YJJGGJ2',3,10,144,3202,1207),(64,'8YJJGGJ2',4,10,134,3437,1153),(65,'8YJJGGJ2',5,10,148,3224,813),(66,'8YJJGGJ2',6,10,124,3221,640),(67,'8YJJGGJ2',7,9,126,3249,850),(68,'8YJJGGJ2',8,9,117,3211,1343),(69,'8YJJGGJ2',9,9,114,3253,804),(70,'8YJJGGJ2',10,9,113,2763,914),(71,'8YJJGGJ2',11,9,132,2812,959),(72,'8YJJGGJ2',12,9,112,3217,678),(73,'8YJJGGJ2',13,9,114,2639,1414),(74,'8YJJGGJ2',14,9,113,3201,675),(75,'8YJJGGJ2',15,9,105,2869,785),(76,'8YJJGGJ2',16,9,113,3206,679),(77,'8YJJGGJ2',17,9,113,2539,1177),(78,'8YJJGGJ2',18,9,115,2942,1041),(79,'8YJJGGJ2',19,9,108,2660,691),(80,'8YJJGGJ2',20,9,111,2702,419),(81,'8YJJGGJ2',21,9,105,2911,501),(82,'8YJJGGJ2',22,9,91,2120,222),(83,'8YJJGGJ2',23,9,68,1334,83),(84,'8YJJGGJ2',24,8,104,2342,495),(85,'8YJJGGJ2',25,8,105,2296,573),(86,'8YJJGGJ2',26,8,83,2090,684),(87,'8YJJGGJ2',27,8,83,2218,72),(88,'8YJJGGJ2',28,8,87,1841,437),(89,'8YJJGGJ2',29,8,79,1611,279),(90,'8YJJGGJ2',30,8,51,1563,147),(91,'8P2YP8RP',1,11,152,4657,1381),(92,'8P2YP8RP',2,10,153,3676,1211),(93,'8P2YP8RP',3,10,177,3556,1470),(94,'8P2YP8RP',4,10,131,3639,809),(95,'8P2YP8RP',5,10,124,3485,1109),(96,'8P2YP8RP',6,9,139,3755,1046),(97,'8P2YP8RP',7,9,119,2996,712),(98,'8P2YP8RP',8,9,124,3319,888),(99,'8P2YP8RP',9,9,109,2918,859),(100,'8P2YP8RP',10,9,118,3051,1092),(101,'8P2YP8RP',11,9,105,2870,321),(102,'8P2YP8RP',12,9,112,2831,868),(103,'8P2YP8RP',13,9,115,3442,678),(104,'8P2YP8RP',14,9,114,3229,507),(105,'8P2YP8RP',15,9,106,2762,825),(106,'8P2YP8RP',16,9,108,2835,904),(107,'8P2YP8RP',17,9,115,3088,697),(108,'8P2YP8RP',18,9,105,2774,1125),(109,'8P2YP8RP',19,9,108,2904,889),(110,'8P2YP8RP',20,9,103,2191,631),(111,'8P2YP8RP',21,9,102,2635,1331),(112,'8P2YP8RP',22,9,103,2731,726),(113,'8P2YP8RP',23,9,101,2657,458),(114,'8P2YP8RP',24,9,92,2436,324),(115,'8P2YP8RP',25,9,90,2387,509),(116,'8P2YP8RP',26,9,87,2586,408),(117,'8P2YP8RP',27,8,88,1810,251),(118,'8P2YP8RP',28,8,78,2134,377),(119,'8P2YP8RP',29,8,78,1937,421),(120,'8P2YP8RP',30,8,80,2080,169),(121,'CQQ8PGL',1,11,135,3261,418),(122,'CQQ8PGL',2,10,133,3962,858),(123,'CQQ8PGL',3,10,131,3359,662),(124,'CQQ8PGL',4,10,132,3210,578),(125,'CQQ8PGL',5,10,128,3304,623),(126,'CQQ8PGL',6,10,123,3257,711),(127,'CQQ8PGL',7,10,104,2209,522),(128,'CQQ8PGL',8,9,118,2672,821),(129,'CQQ8PGL',9,9,135,3346,584),(130,'CQQ8PGL',10,9,111,2794,727),(131,'CQQ8PGL',11,9,111,2692,677),(132,'CQQ8PGL',12,9,102,2774,615),(133,'CQQ8PGL',13,9,109,2388,1030),(134,'CQQ8PGL',14,9,107,2508,888),(135,'CQQ8PGL',15,9,106,2613,645),(136,'CQQ8PGL',16,9,99,2621,498),(137,'CQQ8PGL',17,9,96,2064,238),(138,'CQQ8PGL',18,9,100,2105,705),(139,'CQQ8PGL',19,9,99,2434,360),(140,'CQQ8PGL',20,9,95,2624,229),(141,'CQQ8PGL',21,9,107,2393,1011),(142,'CQQ8PGL',22,9,94,2231,628),(143,'CQQ8PGL',23,9,108,2015,660),(144,'CQQ8PGL',24,9,94,2718,373),(145,'CQQ8PGL',25,9,101,2616,507),(146,'CQQ8PGL',26,9,96,2926,246),(147,'CQQ8PGL',27,9,91,2010,464),(148,'CQQ8PGL',28,8,78,1926,451),(149,'CQQ8PGL',29,8,72,2162,140),(150,'CQQ8PGL',30,8,74,1524,571),(151,'Y8JQYU2Q',1,11,153,3937,932),(152,'Y8JQYU2Q',2,11,165,3276,1166),(153,'Y8JQYU2Q',3,10,130,3119,510),(154,'Y8JQYU2Q',4,10,132,3353,834),(155,'Y8JQYU2Q',5,10,119,3172,705),(156,'Y8JQYU2Q',6,10,121,3203,772),(157,'Y8JQYU2Q',7,9,119,3204,876),(158,'Y8JQYU2Q',8,9,118,3084,826),(159,'Y8JQYU2Q',9,9,122,2922,1136),(160,'Y8JQYU2Q',10,9,116,3308,861),(161,'Y8JQYU2Q',11,9,110,3201,706),(162,'Y8JQYU2Q',12,10,110,3407,657),(163,'Y8JQYU2Q',13,9,105,2780,781),(164,'Y8JQYU2Q',14,9,109,2301,557),(165,'Y8JQYU2Q',15,9,98,2786,512),(166,'Y8JQYU2Q',16,9,90,2368,547),(167,'Y8JQYU2Q',17,9,97,2613,400),(168,'Y8JQYU2Q',18,9,93,2035,512),(169,'Y8JQYU2Q',19,9,96,2442,612),(170,'Y8JQYU2Q',20,9,93,2444,592),(171,'Y8JQYU2Q',21,9,79,2062,234),(172,'Y8JQYU2Q',22,9,79,2062,234),(173,'Y8JQYU2Q',23,9,83,2050,709),(174,'Y8JQYU2Q',24,8,89,2328,548),(175,'Y8JQYU2Q',25,8,88,2187,237),(176,'Y8JQYU2Q',26,8,83,1842,719),(177,'Y8JQYU2Q',27,8,83,2162,136),(178,'Y8JQYU2Q',28,8,81,1798,310),(179,'Y8JQYU2Q',29,8,79,1666,509),(180,'Y8JQYU2Q',30,8,74,2646,141),(181,'8CY28YUQ',1,11,149,4551,1026),(182,'8CY28YUQ',2,11,155,5320,911),(183,'8CY28YUQ',3,10,144,3564,1272),(184,'8CY28YUQ',4,10,131,3563,1031),(185,'8CY28YUQ',5,10,136,3359,749),(186,'8CY28YUQ',6,11,121,2621,959),(187,'8CY28YUQ',7,9,125,3214,1115),(188,'8CY28YUQ',8,9,110,2610,757),(189,'8CY28YUQ',9,9,130,2862,771),(190,'8CY28YUQ',10,9,114,3099,550),(191,'8CY28YUQ',11,9,115,2851,787),(192,'8CY28YUQ',12,9,109,3284,462),(193,'8CY28YUQ',13,9,118,3208,538),(194,'8CY28YUQ',14,10,114,2678,803),(195,'8CY28YUQ',15,9,119,2990,580),(196,'8CY28YUQ',16,10,96,2692,464),(197,'8CY28YUQ',17,9,101,2290,741),(198,'8CY28YUQ',18,9,98,2603,737),(199,'8CY28YUQ',19,9,109,2996,516),(200,'8CY28YUQ',20,8,93,2150,547),(201,'8CY28YUQ',21,8,60,1926,270),(202,'8CY28YUQ',22,8,44,1375,82),(203,'8CY28YUQ',23,8,56,1727,419),(204,'8CY28YUQ',24,9,65,2461,170),(205,'8CY28YUQ',25,9,65,1619,282),(206,'YYG2VY9C',1,11,139,3602,552),(207,'YYG2VY9C',2,10,151,3749,703),(208,'YYG2VY9C',3,10,146,3432,638),(209,'YYG2VY9C',4,10,124,3234,795),(210,'YYG2VY9C',5,10,112,2633,401),(211,'YYG2VY9C',6,10,119,3226,508),(212,'YYG2VY9C',7,10,133,3852,676),(213,'YYG2VY9C',8,9,116,3264,741),(214,'YYG2VY9C',9,9,117,2700,539),(215,'YYG2VY9C',10,9,117,3264,578),(216,'YYG2VY9C',11,9,132,3403,648),(217,'YYG2VY9C',12,9,113,3233,677),(218,'YYG2VY9C',13,9,114,2844,833),(219,'YYG2VY9C',14,9,113,3224,429),(220,'YYG2VY9C',15,9,111,3228,705),(221,'YYG2VY9C',16,9,109,3163,576),(222,'YYG2VY9C',17,9,112,2893,520),(223,'YYG2VY9C',18,9,103,2807,288),(224,'YYG2VY9C',19,9,105,3216,434),(225,'YYG2VY9C',20,10,64,1733,69),(226,'YYG2VY9C',21,9,94,2217,488),(227,'YYG2VY9C',22,9,95,2616,552),(228,'YYG2VY9C',23,8,79,2363,287),(229,'YYG2VY9C',24,10,77,1734,447),(230,'YYG2VY9C',25,8,77,2235,144),(231,'PQGJPY29',1,11,NULL,NULL,NULL),(232,'PQGJPY29',2,10,NULL,NULL,NULL),(233,'PQGJPY29',3,10,NULL,NULL,NULL),(234,'PQGJPY29',4,10,NULL,NULL,NULL),(235,'PQGJPY29',5,10,NULL,NULL,NULL),(236,'PQGJPY29',6,10,NULL,NULL,NULL),(237,'PQGJPY29',7,10,NULL,NULL,NULL),(238,'PQGJPY29',8,10,NULL,NULL,NULL),(239,'PQGJPY29',9,10,NULL,NULL,NULL),(240,'PQGJPY29',10,10,NULL,NULL,NULL),(241,'PQGJPY29',11,11,NULL,NULL,NULL),(242,'PQGJPY29',12,9,NULL,NULL,NULL),(243,'PQGJPY29',13,9,NULL,NULL,NULL),(244,'PQGJPY29',14,10,NULL,NULL,NULL),(245,'PQGJPY29',15,9,NULL,NULL,NULL),(246,'PQGJPY29',16,9,NULL,NULL,NULL),(247,'PQGJPY29',17,9,NULL,NULL,NULL),(248,'PQGJPY29',18,9,NULL,NULL,NULL),(249,'PQGJPY29',19,9,NULL,NULL,NULL),(250,'PQGJPY29',20,9,NULL,NULL,NULL),(251,'PQGJPY29',21,9,NULL,NULL,NULL),(252,'PQGJPY29',22,9,NULL,NULL,NULL),(253,'PQGJPY29',23,9,NULL,NULL,NULL),(254,'PQGJPY29',24,9,NULL,NULL,NULL),(255,'PQGJPY29',25,9,NULL,NULL,NULL),(256,'PQGJPY29',26,9,NULL,NULL,NULL),(257,'PQGJPY29',27,9,NULL,NULL,NULL),(258,'PQGJPY29',28,9,NULL,NULL,NULL),(259,'PQGJPY29',29,9,NULL,NULL,NULL),(260,'PQGJPY29',30,8,NULL,NULL,NULL),(261,'PQGJPY29',31,9,NULL,NULL,NULL),(262,'PQGJPY29',32,8,NULL,NULL,NULL),(263,'PQGJPY29',33,8,NULL,NULL,NULL),(264,'PQGJPY29',34,8,NULL,NULL,NULL),(265,'PQGJPY29',35,8,NULL,NULL,NULL),(266,'PQGJPY29',36,8,NULL,NULL,NULL),(267,'PQGJPY29',37,8,NULL,NULL,NULL),(268,'PQGJPY29',38,7,NULL,NULL,NULL),(269,'PQGJPY29',39,9,NULL,NULL,NULL),(270,'PQGJPY29',40,5,NULL,NULL,NULL),(271,'PGPVULVP',1,11,NULL,NULL,NULL),(272,'PGPVULVP',3,10,NULL,NULL,NULL),(273,'PGPVULVP',4,10,NULL,NULL,NULL),(274,'PGPVULVP',5,10,NULL,NULL,NULL),(275,'PGPVULVP',6,10,NULL,NULL,NULL),(276,'PGPVULVP',7,10,NULL,NULL,NULL),(277,'PGPVULVP',8,10,NULL,NULL,NULL),(278,'PGPVULVP',9,10,NULL,NULL,NULL),(279,'PGPVULVP',10,10,NULL,NULL,NULL),(280,'PGPVULVP',11,10,NULL,NULL,NULL),(281,'PGPVULVP',12,10,NULL,NULL,NULL),(282,'PGPVULVP',13,10,NULL,NULL,NULL),(283,'PGPVULVP',14,9,NULL,NULL,NULL),(284,'PGPVULVP',15,10,NULL,NULL,NULL),(285,'PGPVULVP',16,10,NULL,NULL,NULL),(286,'PGPVULVP',17,9,NULL,NULL,NULL),(287,'PGPVULVP',18,9,NULL,NULL,NULL),(288,'PGPVULVP',19,9,NULL,NULL,NULL),(289,'PGPVULVP',20,9,NULL,NULL,NULL),(290,'PGPVULVP',21,9,NULL,NULL,NULL),(291,'PGPVULVP',22,9,NULL,NULL,NULL),(292,'PGPVULVP',23,9,NULL,NULL,NULL),(293,'PGPVULVP',24,9,NULL,NULL,NULL),(294,'PGPVULVP',25,9,NULL,NULL,NULL),(295,'PGPVULVP',26,9,NULL,NULL,NULL),(296,'PGPVULVP',27,10,NULL,NULL,NULL),(297,'PGPVULVP',28,9,NULL,NULL,NULL),(298,'PGPVULVP',29,9,NULL,NULL,NULL),(299,'PGPVULVP',30,10,NULL,NULL,NULL),(300,'PGPVULVP',31,9,NULL,NULL,NULL),(301,'PGPVULVP',32,9,NULL,NULL,NULL),(302,'PGPVULVP',33,10,NULL,NULL,NULL),(303,'PGPVULVP',34,10,NULL,NULL,NULL),(304,'PGPVULVP',35,8,NULL,NULL,NULL),(305,'PGPVULVP',36,9,NULL,NULL,NULL),(306,'PGPVULVP',37,9,NULL,NULL,NULL),(307,'PGPVULVP',38,8,NULL,NULL,NULL),(308,'PGPVULVP',39,9,NULL,NULL,NULL),(309,'PGPVULVP',40,9,NULL,NULL,NULL),(310,'PGPVULVP',41,9,NULL,NULL,NULL),(311,'PGPVULVP',42,9,NULL,NULL,NULL),(312,'PGPVULVP',43,8,NULL,NULL,NULL),(313,'PGPVULVP',44,9,NULL,NULL,NULL),(314,'PGPVULVP',45,8,NULL,NULL,NULL),(315,'PGPVULVP',46,7,NULL,NULL,NULL),(316,'PGPVULVP',47,8,NULL,NULL,NULL),(317,'PGPVULVP',48,7,NULL,NULL,NULL),(318,'PGPVULVP',49,8,NULL,NULL,NULL),(319,'PGPVULVP',50,6,NULL,NULL,NULL),(320,'PGPVULVP',2,11,NULL,NULL,NULL),(321,'YYPCRCP8',1,11,NULL,NULL,NULL),(322,'YYPCRCP8',2,11,NULL,NULL,NULL),(323,'YYPCRCP8',3,10,NULL,NULL,NULL),(324,'YYPCRCP8',4,10,NULL,NULL,NULL),(325,'YYPCRCP8',5,10,NULL,NULL,NULL),(326,'YYPCRCP8',6,10,NULL,NULL,NULL),(327,'YYPCRCP8',7,9,NULL,NULL,NULL),(328,'YYPCRCP8',8,9,NULL,NULL,NULL),(329,'YYPCRCP8',9,9,NULL,NULL,NULL),(330,'YYPCRCP8',10,9,NULL,NULL,NULL),(331,'YYPCRCP8',11,9,NULL,NULL,NULL),(332,'YYPCRCP8',12,9,NULL,NULL,NULL),(333,'YYPCRCP8',13,9,NULL,NULL,NULL),(334,'YYPCRCP8',14,9,NULL,NULL,NULL),(335,'YYPCRCP8',15,9,NULL,NULL,NULL),(336,'YYPCRCP8',16,9,NULL,NULL,NULL),(337,'YYPCRCP8',17,9,NULL,NULL,NULL),(338,'YYPCRCP8',18,9,NULL,NULL,NULL),(339,'YYPCRCP8',19,9,NULL,NULL,NULL),(340,'YYPCRCP8',20,9,NULL,NULL,NULL),(341,'YYPCRCP8',21,9,NULL,NULL,NULL),(342,'YYPCRCP8',22,8,NULL,NULL,NULL),(343,'YYPCRCP8',23,8,NULL,NULL,NULL),(344,'YYPCRCP8',24,8,NULL,NULL,NULL),(345,'YYPCRCP8',25,8,NULL,NULL,NULL),(346,'YYPCRCP8',26,8,NULL,NULL,NULL),(347,'YYPCRCP8',27,8,NULL,NULL,NULL),(348,'YYPCRCP8',28,8,NULL,NULL,NULL),(349,'YYPCRCP8',29,8,NULL,NULL,NULL),(350,'YYPCRCP8',30,8,NULL,NULL,NULL),(351,'8GQ0GVGC',1,11,NULL,NULL,NULL),(352,'8GQ0GVGC',2,11,NULL,NULL,NULL),(353,'8GQ0GVGC',3,10,NULL,NULL,NULL),(354,'8GQ0GVGC',4,10,NULL,NULL,NULL),(355,'8GQ0GVGC',5,10,NULL,NULL,NULL),(356,'8GQ0GVGC',6,9,NULL,NULL,NULL),(357,'8GQ0GVGC',7,9,NULL,NULL,NULL),(358,'8GQ0GVGC',8,9,NULL,NULL,NULL),(359,'8GQ0GVGC',9,10,NULL,NULL,NULL),(360,'8GQ0GVGC',10,9,NULL,NULL,NULL),(361,'8GQ0GVGC',11,9,NULL,NULL,NULL),(362,'8GQ0GVGC',12,9,NULL,NULL,NULL),(363,'8GQ0GVGC',13,9,NULL,NULL,NULL),(364,'8GQ0GVGC',14,9,NULL,NULL,NULL),(365,'8GQ0GVGC',15,9,NULL,NULL,NULL),(366,'8GQ0GVGC',16,9,NULL,NULL,NULL),(367,'8GQ0GVGC',17,9,NULL,NULL,NULL),(368,'8GQ0GVGC',18,9,NULL,NULL,NULL),(369,'8GQ0GVGC',19,9,NULL,NULL,NULL),(370,'8GQ0GVGC',20,11,NULL,NULL,NULL),(371,'8GQ0GVGC',21,9,NULL,NULL,NULL),(372,'8GQ0GVGC',22,9,NULL,NULL,NULL),(373,'8GQ0GVGC',23,9,NULL,NULL,NULL),(374,'8GQ0GVGC',24,9,NULL,NULL,NULL),(375,'8GQ0GVGC',25,8,NULL,NULL,NULL),(376,'8GQ0GVGC',26,8,NULL,NULL,NULL),(377,'8GQ0GVGC',27,8,NULL,NULL,NULL),(378,'8GQ0GVGC',28,8,NULL,NULL,NULL),(379,'8GQ0GVGC',29,8,NULL,NULL,NULL),(380,'8GQ0GVGC',30,8,NULL,NULL,NULL),(381,'P9C0YV2C',1,10,NULL,NULL,NULL),(382,'P9C0YV2C',2,10,NULL,NULL,NULL),(383,'P9C0YV2C',3,10,NULL,NULL,NULL),(384,'P9C0YV2C',4,10,NULL,NULL,NULL),(385,'P9C0YV2C',5,10,NULL,NULL,NULL),(386,'P9C0YV2C',6,10,NULL,NULL,NULL),(387,'P9C0YV2C',7,10,NULL,NULL,NULL),(388,'P9C0YV2C',8,9,NULL,NULL,NULL),(389,'P9C0YV2C',9,10,NULL,NULL,NULL),(390,'P9C0YV2C',10,9,NULL,NULL,NULL),(391,'P9C0YV2C',11,9,NULL,NULL,NULL),(392,'P9C0YV2C',12,9,NULL,NULL,NULL),(393,'P9C0YV2C',13,9,NULL,NULL,NULL),(394,'P9C0YV2C',14,9,NULL,NULL,NULL),(395,'P9C0YV2C',15,9,NULL,NULL,NULL),(396,'P9C0YV2C',16,9,NULL,NULL,NULL),(397,'P9C0YV2C',17,9,NULL,NULL,NULL),(398,'P9C0YV2C',18,11,NULL,NULL,NULL),(399,'P9C0YV2C',19,9,NULL,NULL,NULL),(400,'P9C0YV2C',20,9,NULL,NULL,NULL),(401,'P9C0YV2C',21,9,NULL,NULL,NULL),(402,'P9C0YV2C',22,8,NULL,NULL,NULL),(403,'P9C0YV2C',23,8,NULL,NULL,NULL),(404,'P9C0YV2C',24,8,NULL,NULL,NULL),(405,'P9C0YV2C',25,8,NULL,NULL,NULL),(406,'P9C0YV2C',26,8,NULL,NULL,NULL),(407,'P9C0YV2C',27,8,NULL,NULL,NULL),(408,'P9C0YV2C',28,8,NULL,NULL,NULL),(409,'P9C0YV2C',29,6,NULL,NULL,NULL),(410,'P9C0YV2C',30,6,NULL,NULL,NULL),(411,'L9JRQCJ2',1,11,NULL,NULL,NULL),(412,'L9JRQCJ2',2,11,NULL,NULL,NULL),(413,'L9JRQCJ2',3,11,NULL,NULL,NULL),(414,'L9JRQCJ2',4,10,NULL,NULL,NULL),(415,'L9JRQCJ2',5,10,NULL,NULL,NULL),(416,'L9JRQCJ2',6,10,NULL,NULL,NULL),(417,'L9JRQCJ2',7,10,NULL,NULL,NULL),(418,'L9JRQCJ2',8,10,NULL,NULL,NULL),(419,'L9JRQCJ2',9,10,NULL,NULL,NULL),(420,'L9JRQCJ2',10,10,NULL,NULL,NULL),(421,'L9JRQCJ2',11,9,NULL,NULL,NULL),(422,'L9JRQCJ2',12,10,NULL,NULL,NULL),(423,'L9JRQCJ2',13,10,NULL,NULL,NULL),(424,'L9JRQCJ2',14,9,NULL,NULL,NULL),(425,'L9JRQCJ2',15,9,NULL,NULL,NULL),(426,'L9JRQCJ2',16,9,NULL,NULL,NULL),(427,'L9JRQCJ2',17,9,NULL,NULL,NULL),(428,'L9JRQCJ2',18,9,NULL,NULL,NULL),(429,'L9JRQCJ2',19,9,NULL,NULL,NULL),(430,'L9JRQCJ2',20,9,NULL,NULL,NULL),(431,'L9JRQCJ2',21,9,NULL,NULL,NULL),(432,'L9JRQCJ2',22,9,NULL,NULL,NULL),(433,'L9JRQCJ2',23,9,NULL,NULL,NULL),(434,'L9JRQCJ2',24,9,NULL,NULL,NULL),(435,'L9JRQCJ2',25,9,NULL,NULL,NULL),(436,'L9JRQCJ2',26,9,NULL,NULL,NULL),(437,'L9JRQCJ2',27,9,NULL,NULL,NULL),(438,'L9JRQCJ2',28,10,NULL,NULL,NULL),(439,'L9JRQCJ2',29,8,NULL,NULL,NULL),(440,'L9JRQCJ2',30,8,NULL,NULL,NULL),(441,'L9JRQCJ2',31,9,NULL,NULL,NULL),(442,'L9JRQCJ2',32,9,NULL,NULL,NULL),(443,'L9JRQCJ2',33,8,NULL,NULL,NULL),(444,'L9JRQCJ2',34,10,NULL,NULL,NULL),(445,'L9JRQCJ2',35,7,NULL,NULL,NULL),(446,'L9JRQCJ2',36,11,NULL,NULL,NULL),(447,'L9JRQCJ2',37,7,NULL,NULL,NULL),(448,'L9JRQCJ2',38,10,NULL,NULL,NULL),(449,'L9JRQCJ2',39,7,NULL,NULL,NULL),(450,'L9JRQCJ2',40,5,NULL,NULL,NULL),(451,'99UPJV9Y',1,11,NULL,NULL,NULL),(452,'99UPJV9Y',2,10,NULL,NULL,NULL),(453,'99UPJV9Y',3,10,NULL,NULL,NULL),(454,'99UPJV9Y',4,10,NULL,NULL,NULL),(455,'99UPJV9Y',5,10,NULL,NULL,NULL),(456,'99UPJV9Y',6,10,NULL,NULL,NULL),(457,'99UPJV9Y',7,10,NULL,NULL,NULL),(458,'99UPJV9Y',8,10,NULL,NULL,NULL),(459,'99UPJV9Y',9,9,NULL,NULL,NULL),(460,'99UPJV9Y',10,11,NULL,NULL,NULL),(461,'99UPJV9Y',11,10,NULL,NULL,NULL),(462,'99UPJV9Y',12,9,NULL,NULL,NULL),(463,'99UPJV9Y',13,9,NULL,NULL,NULL),(464,'99UPJV9Y',14,9,NULL,NULL,NULL),(465,'99UPJV9Y',15,9,NULL,NULL,NULL),(466,'99UPJV9Y',16,9,NULL,NULL,NULL),(467,'99UPJV9Y',17,9,NULL,NULL,NULL),(468,'99UPJV9Y',18,9,NULL,NULL,NULL),(469,'99UPJV9Y',19,9,NULL,NULL,NULL),(470,'99UPJV9Y',20,9,NULL,NULL,NULL),(471,'99UPJV9Y',21,9,NULL,NULL,NULL),(472,'99UPJV9Y',22,9,NULL,NULL,NULL),(473,'99UPJV9Y',23,9,NULL,NULL,NULL),(474,'99UPJV9Y',24,9,NULL,NULL,NULL),(475,'99UPJV9Y',25,9,NULL,NULL,NULL),(476,'99UPJV9Y',26,9,NULL,NULL,NULL),(477,'99UPJV9Y',27,9,NULL,NULL,NULL),(478,'99UPJV9Y',28,9,NULL,NULL,NULL),(479,'99UPJV9Y',29,9,NULL,NULL,NULL),(480,'99UPJV9Y',30,9,NULL,NULL,NULL),(481,'99UPJV9Y',31,9,NULL,NULL,NULL),(482,'99UPJV9Y',32,9,NULL,NULL,NULL),(483,'99UPJV9Y',33,9,NULL,NULL,NULL),(484,'99UPJV9Y',34,8,NULL,NULL,NULL),(485,'99UPJV9Y',35,8,NULL,NULL,NULL),(486,'99UPJV9Y',36,8,NULL,NULL,NULL),(487,'99UPJV9Y',37,8,NULL,NULL,NULL),(488,'99UPJV9Y',38,8,NULL,NULL,NULL),(489,'99UPJV9Y',39,8,NULL,NULL,NULL),(490,'99UPJV9Y',40,8,NULL,NULL,NULL),(491,'9VUQY29J',1,11,NULL,NULL,NULL),(492,'9VUQY29J',2,11,NULL,NULL,NULL),(493,'9VUQY29J',3,10,NULL,NULL,NULL),(494,'9VUQY29J',4,10,NULL,NULL,NULL),(495,'9VUQY29J',5,10,NULL,NULL,NULL),(496,'9VUQY29J',6,10,NULL,NULL,NULL),(497,'9VUQY29J',7,10,NULL,NULL,NULL),(498,'9VUQY29J',8,10,NULL,NULL,NULL),(499,'9VUQY29J',9,10,NULL,NULL,NULL),(500,'9VUQY29J',10,9,NULL,NULL,NULL),(501,'9VUQY29J',11,10,NULL,NULL,NULL),(502,'9VUQY29J',12,9,NULL,NULL,NULL),(503,'9VUQY29J',13,9,NULL,NULL,NULL),(504,'9VUQY29J',14,9,NULL,NULL,NULL),(505,'9VUQY29J',15,9,NULL,NULL,NULL),(506,'9VUQY29J',16,9,NULL,NULL,NULL),(507,'9VUQY29J',17,9,NULL,NULL,NULL),(508,'9VUQY29J',18,10,NULL,NULL,NULL),(509,'9VUQY29J',19,9,NULL,NULL,NULL),(510,'9VUQY29J',20,9,NULL,NULL,NULL),(511,'9VUQY29J',21,9,NULL,NULL,NULL),(512,'9VUQY29J',22,9,NULL,NULL,NULL),(513,'9VUQY29J',23,9,NULL,NULL,NULL),(514,'9VUQY29J',24,9,NULL,NULL,NULL),(515,'9VUQY29J',25,10,NULL,NULL,NULL),(516,'9VUQY29J',26,8,NULL,NULL,NULL),(517,'9VUQY29J',27,8,NULL,NULL,NULL),(518,'9VUQY29J',28,9,NULL,NULL,NULL),(519,'9VUQY29J',29,7,NULL,NULL,NULL),(520,'9VUQY29J',30,6,NULL,NULL,NULL),(521,'PJGG9008',1,11,NULL,NULL,NULL),(522,'PJGG9008',2,11,NULL,NULL,NULL),(523,'PJGG9008',3,10,NULL,NULL,NULL),(524,'PJGG9008',4,10,NULL,NULL,NULL),(525,'PJGG9008',5,10,NULL,NULL,NULL),(526,'PJGG9008',6,10,NULL,NULL,NULL),(527,'PJGG9008',7,10,NULL,NULL,NULL),(528,'PJGG9008',8,10,NULL,NULL,NULL),(529,'PJGG9008',9,9,NULL,NULL,NULL),(530,'PJGG9008',10,9,NULL,NULL,NULL),(531,'PJGG9008',11,9,NULL,NULL,NULL),(532,'PJGG9008',12,9,NULL,NULL,NULL),(533,'PJGG9008',13,9,NULL,NULL,NULL),(534,'PJGG9008',14,9,NULL,NULL,NULL),(535,'PJGG9008',15,9,NULL,NULL,NULL),(536,'PJGG9008',16,9,NULL,NULL,NULL),(537,'PJGG9008',17,9,NULL,NULL,NULL),(538,'PJGG9008',18,9,NULL,NULL,NULL),(539,'PJGG9008',19,9,NULL,NULL,NULL),(540,'PJGG9008',20,9,NULL,NULL,NULL),(541,'PJGG9008',21,9,NULL,NULL,NULL),(542,'PJGG9008',22,9,NULL,NULL,NULL),(543,'PJGG9008',23,9,NULL,NULL,NULL),(544,'PJGG9008',24,9,NULL,NULL,NULL),(545,'PJGG9008',25,9,NULL,NULL,NULL),(546,'PJGG9008',26,9,NULL,NULL,NULL),(547,'PJGG9008',27,9,NULL,NULL,NULL),(548,'PJGG9008',28,10,NULL,NULL,NULL),(549,'PJGG9008',29,9,NULL,NULL,NULL),(550,'PJGG9008',30,8,NULL,NULL,NULL),(551,'PJGG9008',31,8,NULL,NULL,NULL),(552,'PJGG9008',32,8,NULL,NULL,NULL),(553,'PJGG9008',33,8,NULL,NULL,NULL),(554,'PJGG9008',34,8,NULL,NULL,NULL),(555,'PJGG9008',35,8,NULL,NULL,NULL),(556,'PJGG9008',36,8,NULL,NULL,NULL),(557,'PJGG9008',37,8,NULL,NULL,NULL),(558,'PJGG9008',38,8,NULL,NULL,NULL),(559,'PJGG9008',39,9,NULL,NULL,NULL),(560,'PJGG9008',40,8,NULL,NULL,NULL),(561,'2QQ2GLQP',1,11,NULL,NULL,NULL),(562,'2QQ2GLQP',2,11,NULL,NULL,NULL),(563,'2QQ2GLQP',3,11,NULL,NULL,NULL),(564,'2QQ2GLQP',4,10,NULL,NULL,NULL),(565,'2QQ2GLQP',5,10,NULL,NULL,NULL),(566,'2QQ2GLQP',6,10,NULL,NULL,NULL),(567,'2QQ2GLQP',7,10,NULL,NULL,NULL),(568,'2QQ2GLQP',8,10,NULL,NULL,NULL),(569,'2QQ2GLQP',9,9,NULL,NULL,NULL),(570,'2QQ2GLQP',10,9,NULL,NULL,NULL),(571,'2QQ2GLQP',11,9,NULL,NULL,NULL),(572,'2QQ2GLQP',12,9,NULL,NULL,NULL),(573,'2QQ2GLQP',13,9,NULL,NULL,NULL),(574,'2QQ2GLQP',14,9,NULL,NULL,NULL),(575,'2QQ2GLQP',15,9,NULL,NULL,NULL),(576,'2QQ2GLQP',16,9,NULL,NULL,NULL),(577,'2QQ2GLQP',17,9,NULL,NULL,NULL),(578,'2QQ2GLQP',18,9,NULL,NULL,NULL),(579,'2QQ2GLQP',19,9,NULL,NULL,NULL),(580,'2QQ2GLQP',20,9,NULL,NULL,NULL),(581,'2QQ2GLQP',21,9,NULL,NULL,NULL),(582,'2QQ2GLQP',22,9,NULL,NULL,NULL),(583,'2QQ2GLQP',23,9,NULL,NULL,NULL),(584,'2QQ2GLQP',24,9,NULL,NULL,NULL),(585,'2QQ2GLQP',25,9,NULL,NULL,NULL),(586,'2QQ2GLQP',26,9,NULL,NULL,NULL),(587,'2QQ2GLQP',27,9,NULL,NULL,NULL),(588,'2QQ2GLQP',28,8,NULL,NULL,NULL),(589,'2QQ2GLQP',29,8,NULL,NULL,NULL),(590,'2QQ2GLQP',30,8,NULL,NULL,NULL),(591,'2QQ2GLQP',31,8,NULL,NULL,NULL),(592,'2QQ2GLQP',32,8,NULL,NULL,NULL),(593,'2QQ2GLQP',33,8,NULL,NULL,NULL),(594,'2QQ2GLQP',34,7,NULL,NULL,NULL),(595,'2QQ2GLQP',35,7,NULL,NULL,NULL),(596,'2QQ2GLQP',36,7,NULL,NULL,NULL),(597,'2QQ2GLQP',37,6,NULL,NULL,NULL),(598,'2QQ2GLQP',38,6,NULL,NULL,NULL),(599,'2QQ2GLQP',39,5,NULL,NULL,NULL),(600,'2QQ2GLQP',40,5,NULL,NULL,NULL),(601,'2C2JJG92',1,11,NULL,NULL,NULL),(602,'2C2JJG92',2,11,NULL,NULL,NULL),(603,'2C2JJG92',3,11,NULL,NULL,NULL),(604,'2C2JJG92',4,10,NULL,NULL,NULL),(605,'2C2JJG92',5,10,NULL,NULL,NULL),(606,'2C2JJG92',6,10,NULL,NULL,NULL),(607,'2C2JJG92',7,10,NULL,NULL,NULL),(608,'2C2JJG92',8,10,NULL,NULL,NULL),(609,'2C2JJG92',9,10,NULL,NULL,NULL),(610,'2C2JJG92',10,10,NULL,NULL,NULL),(611,'2C2JJG92',11,9,NULL,NULL,NULL),(612,'2C2JJG92',12,10,NULL,NULL,NULL),(613,'2C2JJG92',13,9,NULL,NULL,NULL),(614,'2C2JJG92',14,9,NULL,NULL,NULL),(615,'2C2JJG92',15,9,NULL,NULL,NULL),(616,'2C2JJG92',16,9,NULL,NULL,NULL),(617,'2C2JJG92',17,9,NULL,NULL,NULL),(618,'2C2JJG92',18,9,NULL,NULL,NULL),(619,'2C2JJG92',19,9,NULL,NULL,NULL),(620,'2C2JJG92',20,9,NULL,NULL,NULL),(621,'2C2JJG92',21,9,NULL,NULL,NULL),(622,'2C2JJG92',22,9,NULL,NULL,NULL),(623,'2C2JJG92',23,9,NULL,NULL,NULL),(624,'2C2JJG92',24,9,NULL,NULL,NULL),(625,'2C2JJG92',25,9,NULL,NULL,NULL),(626,'2C2JJG92',26,8,NULL,NULL,NULL),(627,'2C2JJG92',27,8,NULL,NULL,NULL),(628,'2C2JJG92',28,8,NULL,NULL,NULL),(629,'2C2JJG92',29,7,NULL,NULL,NULL),(630,'2C2JJG92',30,9,NULL,NULL,NULL),(661,'90LJYJUY',1,11,NULL,NULL,NULL),(662,'90LJYJUY',2,10,NULL,NULL,NULL),(663,'90LJYJUY',3,10,NULL,NULL,NULL),(664,'90LJYJUY',4,10,NULL,NULL,NULL),(665,'90LJYJUY',5,10,NULL,NULL,NULL),(666,'90LJYJUY',6,10,NULL,NULL,NULL),(667,'90LJYJUY',7,10,NULL,NULL,NULL),(668,'90LJYJUY',8,9,NULL,NULL,NULL),(669,'90LJYJUY',9,9,NULL,NULL,NULL),(670,'90LJYJUY',10,9,NULL,NULL,NULL),(671,'90LJYJUY',11,9,NULL,NULL,NULL),(672,'90LJYJUY',12,9,NULL,NULL,NULL),(673,'90LJYJUY',13,9,NULL,NULL,NULL),(674,'90LJYJUY',14,9,NULL,NULL,NULL),(675,'90LJYJUY',15,9,NULL,NULL,NULL),(676,'90LJYJUY',16,9,NULL,NULL,NULL),(677,'90LJYJUY',17,9,NULL,NULL,NULL),(678,'90LJYJUY',18,9,NULL,NULL,NULL),(679,'90LJYJUY',19,9,NULL,NULL,NULL),(680,'90LJYJUY',20,9,NULL,NULL,NULL),(681,'90LJYJUY',21,9,NULL,NULL,NULL),(682,'90LJYJUY',22,9,NULL,NULL,NULL),(683,'90LJYJUY',23,8,NULL,NULL,NULL),(684,'90LJYJUY',24,8,NULL,NULL,NULL),(685,'90LJYJUY',25,8,NULL,NULL,NULL),(686,'90LJYJUY',26,8,NULL,NULL,NULL),(687,'90LJYJUY',27,8,NULL,NULL,NULL),(688,'90LJYJUY',28,8,NULL,NULL,NULL),(689,'90LJYJUY',29,8,NULL,NULL,NULL),(690,'90LJYJUY',30,10,NULL,NULL,NULL),(754,'JOYU9LQ',1,11,NULL,NULL,NULL),(755,'JOYU9LQ',2,11,NULL,NULL,NULL),(756,'JOYU9LQ',3,10,NULL,NULL,NULL),(757,'JOYU9LQ',4,10,NULL,NULL,NULL),(758,'JOYU9LQ',5,10,NULL,NULL,NULL),(759,'JOYU9LQ',6,10,NULL,NULL,NULL),(760,'JOYU9LQ',7,10,NULL,NULL,NULL),(761,'JOYU9LQ',8,10,NULL,NULL,NULL),(762,'JOYU9LQ',9,10,NULL,NULL,NULL),(763,'JOYU9LQ',10,9,NULL,NULL,NULL),(764,'JOYU9LQ',11,9,NULL,NULL,NULL),(765,'JOYU9LQ',12,9,NULL,NULL,NULL),(766,'JOYU9LQ',13,9,NULL,NULL,NULL),(767,'JOYU9LQ',14,9,NULL,NULL,NULL),(768,'JOYU9LQ',15,9,NULL,NULL,NULL),(769,'JOYU9LQ',16,9,NULL,NULL,NULL),(770,'JOYU9LQ',17,9,NULL,NULL,NULL),(771,'JOYU9LQ',18,9,NULL,NULL,NULL),(772,'JOYU9LQ',19,9,NULL,NULL,NULL),(773,'JOYU9LQ',20,9,NULL,NULL,NULL),(774,'JOYU9LQ',21,9,NULL,NULL,NULL),(775,'JOYU9LQ',22,9,NULL,NULL,NULL),(776,'JOYU9LQ',23,9,NULL,NULL,NULL),(777,'JOYU9LQ',24,8,NULL,NULL,NULL),(778,'JOYU9LQ',25,8,NULL,NULL,NULL),(779,'JOYU9LQ',26,8,NULL,NULL,NULL),(780,'JOYU9LQ',27,8,NULL,NULL,NULL),(781,'JOYU9LQ',28,8,NULL,NULL,NULL),(782,'JOYU9LQ',29,8,NULL,NULL,NULL),(783,'JOYU9LQ',30,8,NULL,NULL,NULL),(784,'R292LJV',1,11,NULL,NULL,NULL),(785,'R292LJV',2,11,NULL,NULL,NULL),(786,'R292LJV',3,10,NULL,NULL,NULL),(787,'R292LJV',4,10,NULL,NULL,NULL),(788,'R292LJV',5,10,NULL,NULL,NULL),(789,'R292LJV',6,10,NULL,NULL,NULL),(790,'R292LJV',7,9,NULL,NULL,NULL),(791,'R292LJV',8,9,NULL,NULL,NULL),(792,'R292LJV',9,9,NULL,NULL,NULL),(793,'R292LJV',10,9,NULL,NULL,NULL),(794,'R292LJV',11,9,NULL,NULL,NULL),(795,'R292LJV',12,9,NULL,NULL,NULL),(796,'R292LJV',13,9,NULL,NULL,NULL),(797,'R292LJV',14,9,NULL,NULL,NULL),(798,'R292LJV',15,9,NULL,NULL,NULL),(799,'R292LJV',16,9,NULL,NULL,NULL),(800,'R292LJV',17,9,NULL,NULL,NULL),(801,'R292LJV',18,9,NULL,NULL,NULL),(802,'R292LJV',19,9,NULL,NULL,NULL),(803,'R292LJV',20,9,NULL,NULL,NULL),(804,'R292LJV',21,9,NULL,NULL,NULL),(805,'R292LJV',22,9,NULL,NULL,NULL),(806,'R292LJV',23,9,NULL,NULL,NULL),(807,'R292LJV',24,9,NULL,NULL,NULL),(808,'R292LJV',25,9,NULL,NULL,NULL),(809,'R292LJV',26,8,NULL,NULL,NULL),(810,'R292LJV',27,8,NULL,NULL,NULL),(811,'R292LJV',28,8,NULL,NULL,NULL),(812,'R292LJV',29,8,NULL,NULL,NULL),(813,'R292LJV',30,7,NULL,NULL,NULL),(814,'PCJ2GJGYO',1,11,NULL,NULL,NULL),(815,'PCJ2GJGYO',2,11,NULL,NULL,NULL),(816,'PCJ2GJGYO',3,10,NULL,NULL,NULL),(817,'PCJ2GJGYO',4,10,NULL,NULL,NULL),(818,'PCJ2GJGYO',5,10,NULL,NULL,NULL),(819,'PCJ2GJGYO',6,10,NULL,NULL,NULL),(820,'PCJ2GJGYO',7,9,NULL,NULL,NULL),(821,'PCJ2GJGYO',8,9,NULL,NULL,NULL),(822,'PCJ2GJGYO',9,9,NULL,NULL,NULL),(823,'PCJ2GJGYO',10,9,NULL,NULL,NULL),(824,'PCJ2GJGYO',11,9,NULL,NULL,NULL),(825,'PCJ2GJGYO',12,9,NULL,NULL,NULL),(826,'PCJ2GJGYO',13,9,NULL,NULL,NULL),(827,'PCJ2GJGYO',14,9,NULL,NULL,NULL),(828,'PCJ2GJGYO',15,9,NULL,NULL,NULL),(829,'PCJ2GJGYO',16,9,NULL,NULL,NULL),(830,'PCJ2GJGYO',17,9,NULL,NULL,NULL),(831,'PCJ2GJGYO',18,9,NULL,NULL,NULL),(832,'PCJ2GJGYO',19,9,NULL,NULL,NULL),(833,'PCJ2GJGYO',20,9,NULL,NULL,NULL),(834,'PCJ2GJGYO',21,8,NULL,NULL,NULL),(835,'PCJ2GJGYO',22,8,NULL,NULL,NULL),(836,'PCJ2GJGYO',23,8,NULL,NULL,NULL),(837,'PCJ2GJGYO',24,8,NULL,NULL,NULL),(838,'PCJ2GJGYO',25,8,NULL,NULL,NULL),(839,'8Q0JLVG0',1,11,NULL,NULL,NULL),(840,'8Q0JLVG0',2,11,NULL,NULL,NULL),(841,'8Q0JLVG0',3,10,NULL,NULL,NULL),(842,'8Q0JLVG0',4,10,NULL,NULL,NULL),(843,'8Q0JLVG0',5,10,NULL,NULL,NULL),(844,'8Q0JLVG0',6,10,NULL,NULL,NULL),(845,'8Q0JLVG0',7,9,NULL,NULL,NULL),(846,'8Q0JLVG0',8,9,NULL,NULL,NULL),(847,'8Q0JLVG0',9,9,NULL,NULL,NULL),(848,'8Q0JLVG0',10,9,NULL,NULL,NULL),(849,'8Q0JLVG0',11,9,NULL,NULL,NULL),(850,'8Q0JLVG0',12,9,NULL,NULL,NULL),(851,'8Q0JLVG0',13,9,NULL,NULL,NULL),(852,'8Q0JLVG0',14,10,NULL,NULL,NULL),(853,'8Q0JLVG0',15,9,NULL,NULL,NULL),(854,'8Q0JLVG0',16,9,NULL,NULL,NULL),(855,'8Q0JLVG0',17,8,NULL,NULL,NULL),(856,'8Q0JLVG0',18,8,NULL,NULL,NULL),(857,'8Q0JLVG0',19,8,NULL,NULL,NULL),(858,'8Q0JLVG0',20,8,NULL,NULL,NULL),(859,'8Q0JLVG0',21,8,NULL,NULL,NULL),(860,'8Q0JLVG0',22,8,NULL,NULL,NULL),(861,'8Q0JLVG0',23,7,NULL,NULL,NULL),(862,'8Q0JLVG0',24,11,NULL,NULL,NULL),(863,'8Q0JLVG0',25,8,NULL,NULL,NULL),(864,'J8V882Y',1,11,NULL,NULL,NULL),(865,'J8V882Y',2,11,NULL,NULL,NULL),(866,'J8V882Y',3,11,NULL,NULL,NULL),(867,'J8V882Y',4,10,NULL,NULL,NULL),(868,'J8V882Y',5,10,NULL,NULL,NULL),(869,'J8V882Y',6,10,NULL,NULL,NULL),(870,'J8V882Y',7,10,NULL,NULL,NULL),(871,'J8V882Y',8,10,NULL,NULL,NULL),(872,'J8V882Y',9,10,NULL,NULL,NULL),(873,'J8V882Y',10,10,NULL,NULL,NULL),(874,'J8V882Y',11,9,NULL,NULL,NULL),(875,'J8V882Y',12,9,NULL,NULL,NULL),(876,'J8V882Y',13,9,NULL,NULL,NULL),(877,'J8V882Y',14,9,NULL,NULL,NULL),(878,'J8V882Y',15,9,NULL,NULL,NULL),(879,'J8V882Y',16,9,NULL,NULL,NULL),(880,'J8V882Y',17,9,NULL,NULL,NULL),(881,'J8V882Y',18,9,NULL,NULL,NULL),(882,'J8V882Y',19,9,NULL,NULL,NULL),(883,'J8V882Y',20,9,NULL,NULL,NULL),(884,'J8V882Y',21,10,NULL,NULL,NULL),(885,'J8V882Y',22,8,NULL,NULL,NULL),(886,'J8V882Y',23,8,NULL,NULL,NULL),(887,'J8V882Y',24,8,NULL,NULL,NULL),(888,'J8V882Y',25,8,NULL,NULL,NULL),(889,'J8V882Y',26,8,NULL,NULL,NULL),(890,'J8V882Y',27,8,NULL,NULL,NULL),(891,'J8V882Y',28,9,NULL,NULL,NULL),(892,'J8V882Y',29,9,NULL,NULL,NULL),(893,'J8V882Y',30,9,NULL,NULL,NULL);
/*!40000 ALTER TABLE `clan_opponent` ENABLE KEYS */;
UNLOCK TABLES;

--
-- Table structure for table `clan_user_grade`
--

DROP TABLE IF EXISTS `clan_user_grade`;
/*!40101 SET @saved_cs_client     = @@character_set_client */;
/*!40101 SET character_set_client = utf8 */;
CREATE TABLE `clan_user_grade` (
  `user_id` int(11) NOT NULL AUTO_INCREMENT,
  `grade` smallint(6) DEFAULT NULL,
  `levels` int(11) DEFAULT NULL,
  `cup` smallint(6) DEFAULT NULL,
  `star` smallint(6) DEFAULT NULL,
  `till_date` date DEFAULT NULL,
  PRIMARY KEY (`user_id`)
) ENGINE=InnoDB AUTO_INCREMENT=82 DEFAULT CHARSET=utf8;
/*!40101 SET character_set_client = @saved_cs_client */;

--
-- Dumping data for table `clan_user_grade`
--

LOCK TABLES `clan_user_grade` WRITE;
/*!40000 ALTER TABLE `clan_user_grade` DISABLE KEYS */;
INSERT INTO `clan_user_grade` VALUES (1,11,164,3741,531,'2016-09-27'),(2,10,151,4201,760,'2016-09-27'),(3,10,187,4041,967,'2016-09-27'),(4,10,134,3933,653,'2016-09-27'),(5,10,145,3857,755,'2016-09-27'),(6,10,125,3850,564,'2016-09-27'),(7,10,124,3960,538,'2016-09-27'),(8,9,147,3318,965,'2016-09-27'),(9,9,133,3817,352,'2016-09-27'),(10,9,115,2644,762,'2016-09-27'),(11,9,128,3155,913,'2016-09-27'),(12,9,116,3281,285,'2016-09-27'),(13,9,113,3201,569,'2016-09-27'),(14,9,109,2092,434,'2016-09-27'),(15,9,114,3251,418,'2016-09-27'),(16,9,111,2301,240,'2016-09-27'),(17,9,116,2280,836,'2016-09-27'),(18,9,121,4157,461,'2016-09-27'),(19,9,105,2675,229,'2016-09-27'),(20,9,128,3046,585,'2016-09-27'),(21,9,125,3225,447,'2016-09-27'),(22,9,110,2609,333,'2016-09-27'),(23,9,103,2616,341,'2016-09-27'),(24,9,110,2861,371,'2016-09-27'),(25,8,140,2614,728,'2016-09-27'),(26,9,108,3404,470,'2016-09-27'),(27,9,70,2310,144,'2016-09-27'),(28,8,92,2601,205,'2016-09-27'),(29,8,72,1736,58,'2016-09-27'),(30,6,34,1349,0,'2016-09-27'),(31,11,148,4121,151,'2016-09-27'),(32,9,115,3588,492,'2016-09-27'),(33,9,118,2834,374,'2016-09-27'),(34,10,132,3205,494,'2016-09-27'),(35,9,114,2842,320,'2016-09-27'),(36,9,88,2149,57,'2016-09-27'),(37,9,114,2862,626,'2016-09-27'),(38,9,109,2969,752,'2016-09-27'),(39,9,107,2523,231,'2016-09-27'),(40,8,82,2435,165,'2016-09-27'),(41,9,116,2675,438,'2016-09-27'),(42,8,89,2114,115,'2016-09-27'),(43,8,62,1818,59,'2016-09-27'),(44,9,129,2602,727,'2016-09-27'),(45,10,140,3430,887,'2016-09-27'),(46,9,128,3375,880,'2016-09-27'),(47,9,111,3207,362,NULL),(54,8,55,1629,32,NULL),(55,9,108,2370,434,NULL),(56,3,6,40,0,NULL),(57,9,116,3583,363,NULL),(58,8,86,2600,210,NULL),(59,8,83,2092,154,NULL),(60,9,161,3311,603,NULL),(61,9,89,2270,224,NULL),(62,10,131,3646,384,NULL),(63,9,90,2621,233,NULL),(64,9,96,2425,255,NULL),(65,6,29,1172,6,NULL),(66,7,34,1360,4,NULL),(67,7,35,1638,15,NULL),(68,10,126,2602,0,NULL),(69,9,96,2746,340,NULL),(70,9,107,2010,381,NULL),(71,9,89,2099,237,NULL),(72,8,86,2608,173,NULL),(73,11,150,4304,381,NULL),(74,9,113,3217,282,NULL),(75,10,131,4124,605,NULL),(76,9,68,1563,96,NULL),(77,8,82,2233,301,NULL),(78,7,45,1293,1,NULL),(79,7,32,1357,0,NULL),(80,8,50,1417,9,NULL),(81,9,91,2772,99,NULL);
/*!40000 ALTER TABLE `clan_user_grade` ENABLE KEYS */;
UNLOCK TABLES;

--
-- Table structure for table `clan_user_info`
--

DROP TABLE IF EXISTS `clan_user_info`;
/*!40101 SET @saved_cs_client     = @@character_set_client */;
/*!40101 SET character_set_client = utf8 */;
CREATE TABLE `clan_user_info` (
  `user_id` int(11) NOT NULL AUTO_INCREMENT,
  `user_name` varchar(20) DEFAULT NULL,
  `user_key` varchar(20) DEFAULT NULL,
  `status` tinyint(4) NOT NULL DEFAULT '1',
  PRIMARY KEY (`user_id`)
) ENGINE=InnoDB AUTO_INCREMENT=82 DEFAULT CHARSET=utf8;
/*!40101 SET character_set_client = @saved_cs_client */;

--
-- Dumping data for table `clan_user_info`
--

LOCK TABLES `clan_user_info` WRITE;
/*!40000 ALTER TABLE `clan_user_info` DISABLE KEYS */;
INSERT INTO `clan_user_info` VALUES (1,'','YCQLCYJJ',1),(2,'WW.','CLYY88GY',1),(3,'WW.','8G0PCQJR',1),(4,'WW.','2J22UVRQ',1),(5,'WW.','VGJC89GR',1),(6,'WW.','YCQLCYJJ',1),(7,'WW.','RGQ2R8AG',1),(8,'WW','PQPJJLQV',1),(9,'WW.','8Y2RCV2UP',1),(10,'WW.','2P0YLP08',1),(11,'WW.','CP2928L9',1),(12,'','8Y9VV8CVC',1),(13,'WW.clarinety','P8C2LGJ2',1),(14,'WW.','20QJCRYU2',1),(15,'','R2PYLGY2',0),(16,'','88U0L8G8R',0),(17,'WW.','VYYQPVCJ',1),(18,'WW.','8GLRPGY00',1),(19,'WW.','8GJQQQ090',0),(20,'WW.','2YJ9Y9JLY',1),(21,'No.1','2LGLLRP8R',1),(22,'Sunny','YJ2VGJC',0),(23,'','2QVPLPGUV',1),(24,'WW.','U99V99CV',1),(25,'WW.','9VYJQRQQ',1),(26,'','9PYYYLY',0),(27,'WW.','8VUJC0YLY',0),(28,'','92YLJLJJR',1),(29,'WW.','982J298G9',1),(31,'MR','CG00YJYR',0),(32,'WW.','29CVYVUU0',1),(33,'WW.','28QUPLPYP',1),(34,'WW.','UQYUYVUG',1),(35,'   ','VLYVJVVR',1),(36,'','9RUVV9CL',0),(37,'WW.','GVRPGJLR',0),(38,'WW.','9JQUCQ2Y',0),(39,'WW.','2YLG8YVQR',0),(40,'','8828LUYY',0),(41,'','88JQ98CJV',1),(42,'','89CQ9GQRJ',1),(43,'','9P22JULY0',1),(44,'WW.','22R20V02L',0),(45,'WW.','9LRURY',0),(46,'WW.','LC8Q00PL',0),(47,' | ','2C2LYU8C2',0),(54,'WW.','9YPVUY29Y',1),(55,'','?',0),(56,'','99V0C2V90',0),(57,'ARROW','JJQ82J28',0),(58,'','2P9Q8JJRL',1),(59,'','9PJRQ098C',1),(60,'WW.','Q0YYU2UP',1),(61,'','88PRYG0V',0),(62,'WW.','2LY282CVV',1),(63,'','LJQYJYLU',0),(64,'WW.','VVG9QRPC',1),(65,'WW.','9PPVP8RLL',0),(66,'WW.','9LL2QQ0YL',0),(67,'WW.','9PJ2Y2CGC',1),(68,'','2O82YJG0Y',0),(69,'','20CY0VYVJ',0),(70,'WW.','20R9U2J29',1),(71,'','28VPV2008',0),(72,'','20C02GL8V',0),(73,'','2CPLCP0V',0),(74,' ','2GP8LUJ',1),(75,'','89J9YJV0L',1),(76,'','8999LVPUG',0),(77,'-','8Y9C0G2VY',0),(78,'','8UC8CQ20Y',1),(79,'','9QGU8VVVU',1),(80,'WW.','8VUYURRYR',1),(81,'','8YCP9CJUR',1);
/*!40000 ALTER TABLE `clan_user_info` ENABLE KEYS */;
UNLOCK TABLES;
/*!40103 SET TIME_ZONE=@OLD_TIME_ZONE */;

/*!40101 SET SQL_MODE=@OLD_SQL_MODE */;
/*!40014 SET FOREIGN_KEY_CHECKS=@OLD_FOREIGN_KEY_CHECKS */;
/*!40014 SET UNIQUE_CHECKS=@OLD_UNIQUE_CHECKS */;
/*!40101 SET CHARACTER_SET_CLIENT=@OLD_CHARACTER_SET_CLIENT */;
/*!40101 SET CHARACTER_SET_RESULTS=@OLD_CHARACTER_SET_RESULTS */;
/*!40101 SET COLLATION_CONNECTION=@OLD_COLLATION_CONNECTION */;
/*!40111 SET SQL_NOTES=@OLD_SQL_NOTES */;

-- Dump completed on 2016-12-02 16:39:12
